"ID","Not regional","Deschutes_R_fa","Mid/Up_Columbia_R_sp","Snake_R_fa","Snake_R_sp","Spring_Cr_Group_tule","Up_Columbia_R_su/fa","W_Cascade_fa","W_Cascade_sp","Willamette_R"
"90839-001",0,0,0.6623,0,0.3377,0,0,0,0,0
"90839-002",0,0,0.252,0,0.748,0,0,0,0,0
"90839-003",0,0,0.3328,0,0.6672,0,0,0,0,0
"90839-004",0,0,0.4166,0,0.5834,0,0,0,0,0
"90839-005",0,0,0,0,0,1,0,0,0,0
"90839-006",0,0,0,0,1,0,0,0,0,0
"90839-007",0,0,0.0072,0,0.9928,0,0,0,0,0
"90839-008",0,0,0.3216,0,0.6784,0,0,0,0,0
"90839-009",0,0,0,0,0,0,0,0,0,1
"90839-010",0,0,0,0,1,0,0,0,0,0
"90839-011",0.6524,0,0.322399,0,0.025201,0,0,0,0,0
"90839-012",0.000800000000000023,0,0.91356856,0,0.08563144,0,0,0,0,0
"90839-013",0.00609999999999999,0,0.78597612,0,0.20792388,0,0,0,0,0
"90839-014",0,0,0.6271,0,0.3729,0,0,0,0,0
"90839-015",0,0,0,0,0,0,0,0,0,1
"90839-016",0,0,0.0034,0,0.9966,0,0,0,0,0
"90839-017",0.00149999999999995,0,0.47458705,0,0.52391295,0,0,0,0,0
"90839-018",0.000800000000000023,0,0.81854464,0,0.18065536,0,0,0,0,0
"90839-019",0.00390000000000001,0,0,0,0,0,0,0,0,0.9961
"90839-020",0,0,0,0,0,0,0,0,0,1
"90839-021",0.00849999999999995,0,0.01001415,0,0.98148585,0,0,0,0,0
"90839-022",0.000399999999999956,0,0.56817264,0,0.43142736,0,0,0,0,0
"90839-023",0.000399999999999956,0,0.51019584,0,0.48940416,0,0,0,0,0
"90839-024",9.9999999999989e-05,0,0.50734926,0,0.49255074,0,0,0,0,0
"90839-025",0,0,0,0,1,0,0,0,0,0
"90839-026",0.00739999999999996,0,0.9926,0,0,0,0,0,0,0
"90839-027",0,0,0,0,0,0,0,0,0,1
"90839-028",0.000299999999999967,0,0,0,0,0,0,0,0.00249925,0.99720075
"90839-029",0.000299999999999967,0,0,0,0,0,0,0,0,0.9997
"90839-030",0,0,0,0,0,0,0,0,0,1
"90839-031",0,0,0,0,0,0,0,0,0,1
"90839-032",0.000600000000000045,0,0,0,0,0,0,0.00819508,0.99120492,0
"90839-033",0,0,0,0,0,0,0,0,0,1
"90839-034",0.0975,0,0,0,0,0.0001805,0,0.000722,0.9015975,0
"90839-035",0.000299999999999967,0,0,0,0,0,0,0,0,0.9997
"90839-036",0,0,0,0,0,0,0,0,0,1
"90839-038",0.00190000000000001,0,0.72442098,0,0.27367902,0,0,0,0,0
"90839-039",0.00260000000000005,0,0.17165254,0,0.82574746,0,0,0,0,0
"90839-040",9.9999999999989e-05,0,0.77812218,0,0.22177782,0,0,0,0,0
"90839-041",0.00170000000000003,0,0.99241003,0,0.00588997,0,0,0,0,0
"90839-042",0,0,0.2157,0,0.7843,0,0,0,0,0
"90839-043",0,0,0.9994,0,6e-04,0,0,0,0,0
"90839-044",9.9999999999989e-05,0,0.95140485,0,0.04849515,0,0,0,0,0
"90839-045",0,0,0.8213,0,0.1787,0,0,0,0,0
"90839-046",0,0,0.0706,0,0.9294,0,0,0,0,0
"90839-047",9.9999999999989e-05,0,0.00539946,0,0.99450054,0,0,0,0,0
"90839-048",0,0,0.8688,0,0.1312,0,0,0,0,0
"90839-049",0,0,0.0046,0,0.9954,0,0,0,0,0
"90839-050",0,0,0.1393,0,0.8607,0,0,0,0,0
"90839-051",0.0104,0,0.81731064,0,0.17228936,0,0,0,0,0
"90839-052",0.000199999999999978,0,0,0.11287742,0,0,0.88692258,0,0,0
"90839-053",0,0,0.9839,0,0.0161,0,0,0,0,0
"90839-054",0.00790000000000002,0,0.98327031,0,0.00882969,0,0,0,0,0
"90839-055",0,0,0.8275,0,0.1725,0,0,0,0,0
"90839-056",0,0,0.0172,0,0.9828,0,0,0,0,0
"90839-057",0,0,8e-04,0,0.9992,0,0,0,0,0
"90839-058",0.000199999999999978,0,0.96120772,0,0.03859228,0,0,0,0,0
"90839-059",0.011,0,0.6758826,0,0.3131174,0,0,0,0,0
"90839-060",0,0,0.2913,0,0.7087,0,0,0,0,0
"90839-061",0.00239999999999996,0,0,0,0.9976,0,0,0,0,0
"90839-062",0.000499999999999945,0,0,0,0,0,0,0,0,0.9995
"90839-063",0,0,0.0017,0,0.9983,0,0,0,0,0
"90839-064",0,0,0.1115,0,0.8885,0,0,0,0,0
"90839-065",0,0,2e-04,0,0.9998,0,0,0,0,0
"90839-066",0,0,0,0,0,0,0,0,0,1
"90839-067",0.000399999999999956,0,0.89774076,0,0.10185924,0,0,0,0,0
"90839-068",0.00139999999999996,0,0.98491918,0,0.01368082,0,0,0,0,0
"90839-069",0,0,0.025,0,0.975,0,0,0,0,0
"90839-070",0.000499999999999945,0,0.9627184,0,0.0367816,0,0,0,0,0
"90839-071",0.00129999999999997,0,0.84260319,0,0.15609681,0,0,0,0,0
"90839-072",0.000199999999999978,0,0.82113574,0,0.17866426,0,0,0,0,0
"90839-073",0.0071,0,0.96648886,0,0.02641114,0,0,0,0,0
"90839-074",0,0,0.0014,0,0.9986,0,0,0,0,0
"90839-075",0,0,0.0132,0,0.9868,0,0,0,0,0
"90839-076",0.000199999999999978,0,0.9998,0,0,0,0,0,0,0
"90839-077",0,0,1e-04,0,0.9999,0,0,0,0,0
"90839-078",0.000199999999999978,0,0.99950006,0,0.00029994,0,0,0,0,0
"90839-079",0.000800000000000023,0,0.86121048,0,0.13798952,0,0,0,0,0
"90839-080",0,0,0.606,0,0.394,0,0,0,0,0
"90839-081",0,0,0,1e-04,0,0,0.9999,0,0,0
"90839-082",0.00149999999999995,0,0.02066895,0,0.97783105,0,0,0,0,0
"90839-083",0.0638,0,0.6361479,0,0.3000521,0,0,0,0,0
"90839-084",0.000199999999999978,0,0.06888622,0,0.93091378,0,0,0,0,0
"90839-085",0.00819999999999999,0,0.31152438,0,0.68027562,0,0,0,0,0
"90839-086",0.000499999999999945,0,0.41249365,0,0.58700635,0,0,0,0,0
"90839-087",0.00249999999999995,0,0.987525,0,0.009975,0,0,0,0,0
"90839-088",0,0,0.0041,0,0.9959,0,0,0,0,0
"90839-089",0.8361,0,0.15886827,0,0.00503173,0,0,0,0,0
"90839-090",0.000399999999999956,0,0.94302264,0,0.05657736,0,0,0,0,0
"90839-091",9.9999999999989e-05,0,0.10748925,0,0.89241075,0,0,0,0,0
"90839-092",0,0,4e-04,0,0.9996,0,0,0,0,0
"90839-093",0,0,0.0593,0,0.9407,0,0,0,0,0
"90839-094",0.0528,0,0.9315712,0,0.0156288,0,0,0,0,0
"90839-095",0,0,0.0015,0,0.9985,0,0,0,0,0
"90839-096",0.000299999999999967,0,0.93052076,0,0.06917924,0,0,0,0,0
"90839-097",0,0,0,0,1,0,0,0,0,0
"90839-098",0,0,0.0011,0,0.9989,0,0,0,0,0
"90839-099",0.00280000000000002,0,0.05155524,0,0.94564476,0,0,0,0,0
"90839-100",0.000299999999999967,0,0.97800651,0,0.02169349,0,0,0,0,0
"90839-101",0.00170000000000003,0,0.95846783,0,0.03983217,0,0,0,0,0
"90839-102",0,0,3e-04,0,0.9997,0,0,0,0,0
"90839-103",9.9999999999989e-05,0,0.76602339,0,0.23387661,0,0,0,0,0
"90839-104",0,0,0,0,1,0,0,0,0,0
"90839-105",0.00580000000000003,0,0.02763876,0,0.96656124,0,0,0,0,0
"90839-106",0,0,0,0,0,0,0,0,0,1
"90839-107",0.00149999999999995,0,0.3892153,0,0.6092847,0,0,0,0,0
"90839-108",0.00249999999999995,0,0.0764085,0,0.9210915,0,0,0,0,0
"90839-109",0,0,0.9998,0,2e-04,0,0,0,0,0
"90839-110",0,0,0.8607,0,0.1393,0,0,0,0,0
"90839-111",0.000299999999999967,0,0.00189943,0,0.99780057,0,0,0,0,0
"90839-112",0.00390000000000001,0,0.52454626,0,0.47155374,0,0,0,0,0
"90839-113",0.000199999999999978,0,0.14927014,0,0.85052986,0,0,0,0,0
"90839-114",0.0614,0,0,0.00854126,0,0,0.93005874,0,0,0
"90839-115",0,0,0.0503,0,0.9497,0,0,0,0,0
"90839-116",9.9999999999989e-05,0,0.67183281,0,0.32806719,0,0,0,0,0
"90839-117",0,0,0,0.1261,0,0,0.8739,0,0,0
"90839-118",0.000700000000000034,0,0.649545,0,0.349755,0,0,0,0,0
"90839-119",0,0,0.0085,0,0.9915,0,0,0,0,0
"90839-120",0,0,0.9287,0,0.0713,0,0,0,0,0
"90839-121",0.00109999999999999,0,0.69753187,0,0.30136813,0,0,0,0,0
"90839-122",0.000399999999999956,0,0.36825264,0,0.63134736,0,0,0,0,0
"90839-123",0.1706,0,0.63623274,0,0.19316726,0,0,0,0,0
"90839-124",0.000700000000000034,0,0.34735668,0,0.65194332,0,0,0,0,0
"90839-125",0,0,0.4343,0,0.5657,0,0,0,0,0
"90839-126",0,0,0.9425,0,0.0575,0,0,0,0,0
"90839-127",0,0,0,0,1,0,0,0,0,0
"90839-128",0.000700000000000034,0,0.13250718,0,0.86679282,0,0,0,0,0
"90839-129",0,0,0.0168,0,0.9832,0,0,0,0,0
"90839-130",0.00209999999999999,0,0.07514187,0,0.92275813,0,0,0,0,0
"90839-131",9.9999999999989e-05,0,0.00129987,0,0.99860013,0,0,0,0,0
"90839-132",0,0,0.0497,0,0.9503,0,0,0,0,0
"90839-133",0,0,0.1668,0,0.8332,0,0,0,0,0
"90839-134",0,0,0.8873,0,0.1127,0,0,0,0,0
"90839-135",0,0,0.9881,0,0.0119,0,0,0,0,0
"90839-136",0,0,0,0,1,0,0,0,0,0
"90839-137",0,0,0.4571,0,0.5429,0,0,0,0,0
"90839-138",0.0243,0,0.31885876,0,0.65684124,0,0,0,0,0
"90839-139",0,0,0,0,1,0,0,0,0,0
"90839-140",0,0,0.3329,0,0.6671,0,0,0,0,0
"90839-141",0.00290000000000001,0,0.4337385,0,0.5633615,0,0,0,0,0
"90839-142",0,0,0.932,0,0.068,0,0,0,0,0
"90839-143",0,0,9e-04,0,0.9991,0,0,0,0,0
"90839-144",0,0,0.9315,0,0.0685,0,0,0,0,0
"90839-145",9.9999999999989e-05,0,0.01319868,0,0.98670132,0,0,0,0,0
"90839-146",0,0,0.9961,0,0.0039,0,0,0,0,0
"90839-147",0,0,0.2,0,0.8,0,0,0,0,0
"90839-148",0,0,0,0,1,0,0,0,0,0
"90839-149",0,0,0.9998,0,2e-04,0,0,0,0,0
"90839-150",0,0,0.0922,0,0.9078,0,0,0,0,0
"90839-151",0,0,0.3945,0,0.6055,0,0,0,0,0
"90839-152",0.000399999999999956,0,0.00179928,0,0.99780072,0,0,0,0,0
"90839-153",0,0,0.1619,0,0.8381,0,0,0,0,0
"90839-154",0.000299999999999967,0,0.55503344,0,0.44466656,0,0,0,0,0
"90839-155",9.9999999999989e-05,0,0.92560743,0,0.07429257,0,0,0,0,0
"90839-156",0,0,0.0093,0,0.9907,0,0,0,0,0
"90839-157",0,0,0,0.1491,0,0,0.8509,0,0,0
"90839-158",0.000299999999999967,0,0.96780957,0,0.03189043,0,0,0,0,0
"90839-159",0.000299999999999967,0,0.98980297,0,0.00989703,0,0,0,0,0
"90839-160",0,0,2e-04,0,0.9998,0,0,0,0,0
"90839-161",0,0,4e-04,0,0.9996,0,0,0,0,0
"90839-162",0,0,3e-04,0,0.9997,0,0,0,0,0
"90839-163",9.9999999999989e-05,0,0.90530946,0,0.09459054,0,0,0,0,0
"90839-164",0.0474,0,0.11488356,0,0.83771644,0,0,0,0,0
"90839-165",0,0,0.9897,0,0.0103,0,0,0,0,0
"90839-166",0,0,2e-04,0,0.9998,0,0,0,0,0
"90839-167",0,0,0.0076,0,0.9924,0,0,0,0,0
"90839-168",0.000700000000000034,0,0.44049144,0,0.55880856,0,0,0,0,0
"90839-169",0,0,0.9453,0,0.0547,0,0,0,0,0
"90839-170",0.0298,0,0.1969506,0,0.7732494,0,0,0,0,0
"90839-171",0.003,0,0.0305082,0,0.9664918,0,0,0,0,0
"90839-172",9.9999999999989e-05,0,0.88781121,0,0.11208879,0,0,0,0,0
"90839-173",0,0,0.6189,0,0.3811,0,0,0,0,0
"90839-174",0,0,0.0516,0,0.9484,0,0,0,0,0
"90839-175",0.00160000000000005,0,0.17801472,0,0.82038528,0,0,0,0,0
"90839-176",0,0,4e-04,0,0.9996,0,0,0,0,0
"90839-177",0,0,0.992,0,0.008,0,0,0,0,0
"90839-178",0,0,0,0,1,0,0,0,0,0
"90839-179",0,0,0.0013,0,0.9987,0,0,0,0,0
"90839-180",0,0,0.9749,0,0.0251,0,0,0,0,0
"90839-181",0,0,0.9666,0,0.0334,0,0,0,0,0
"90839-182",0.016,0,0.9778008,0,0.0061992,0,0,0,0,0
"90839-183",0,0,0.1268,0,0.8732,0,0,0,0,0
"90839-184",0,0,0.7718,0,0.2282,0,0,0,0,0
"90839-185",9.9999999999989e-05,0,0.81941805,0,0.18048195,0,0,0,0,0
"90839-186",0.00680000000000003,0,0,0.00019864,0,0,0.99300136,0,0,0
"90839-187",0.000399999999999956,0,0.97950804,0,0.02009196,0,0,0,0,0
"90839-188",0.000299999999999967,0,0.73407971,0,0.26562029,0,0,0,0,0
"90839-189",0.0600000000000001,0,0.819398,0,0.120602,0,0,0,0,0
"90839-190",0,0,0,0,1,0,0,0,0,0
"90839-191",0,0,0.0408,0,0.9592,0,0,0,0,0
"90839-192",0,0,0.6166,0,0.3834,0,0,0,0,0
"90839-193",0.003,0,0.7897237,0,0.2072763,0,0,0,0,0
"90839-194",0.0308,0,0.01133964,0,0.95786036,0,0,0,0,0
"90839-195",0,0,0.0386,0,0.9614,0,0,0,0,0
"90839-196",0.000199999999999978,0,0.00809838,0,0.99170162,0,0,0,0,0
"90839-197",0.000299999999999967,0,0.11036688,0,0.88933312,0,0,0,0,0
"90839-198",0.000199999999999978,0,0.48180362,0,0.51799638,0,0,0,0,0
"90839-200",0.0946,0,0,0,0,0,0,0.17139222,0.73400778,0
"90839-201",0.00739999999999996,0,0,0,0,0.99220296,0,9.926e-05,0.00029778,0
"90839-202",0.000199999999999978,0,0.37522494,0,0.62457506,0,0,0,0,0
"90839-203",0,0,0.5903,0,0.4097,0,0,0,0,0
"90839-204",0,0,9e-04,0,0.9991,0,0,0,0,0
"90839-205",0.1178,0,0.88202356,0,0.00017644,0,0,0,0,0
"90839-207",0.0152,0,0.57403992,0,0.41076008,0,0,0,0,0
"90839-208",0,0,0,0,1,0,0,0,0,0
"90839-209",0,0,1e-04,0,0.9999,0,0,0,0,0
"90839-210",0.00509999999999999,0,0.98932856,0,0.00557144,0,0,0,0,0
"90839-211",0.00739999999999996,0,0.09141846,0,0.90118154,0,0,0,0,0
"90839-212",0.000499999999999945,0,0.98980485,0,0.00969515,0,0,0,0,0
"90839-214",9.9999999999989e-05,0,0.95410458,0,0.04579542,0,0,0,0,0
"90839-215",0.00800000000000001,0,0.906688,0,0.085312,0,0,0,0,0
"90839-216",9.9999999999989e-05,0,0.00879912,0,0.99110088,0,0,0,0,0
"90839-217",9.9999999999989e-05,0,0.9219078,0,0.0779922,0,0,0,0,0
"90839-218",0,0,0,0.0225,0,0,0.9775,0,0,0
"90839-219",0.000399999999999956,0,0,0,0,0,0,0,0,0.9996
"90839-220",0,0,0,5e-04,0,0,0.9995,0,0,0
"90839-221",0.0071,0,0.00019858,0,0.99270142,0,0,0,0,0
"90839-222",9.9999999999989e-05,0,0.99760023,0,0.00229977,0,0,0,0,0
"90839-223",0,0,0.98,0,0.02,0,0,0,0,0
"90839-224",0.00239999999999996,0,0.9766504,0,0.0209496,0,0,0,0,0
"90839-225",0.000299999999999967,0,0.8377486,0,0.1619514,0,0,0,0,0
"90839-226",0.00560000000000005,0,0.9944,0,0,0,0,0,0,0
"90839-227",0,0,0.9955,0,0.0045,0,0,0,0,0
"90839-228",0,0,0,0,0,0,0,0,0,1
"90839-229",0,0,0.2977,0,0.7023,0,0,0,0,0
"90839-230",0,0,0,0,1,0,0,0,0,0
"90839-231",0,0,0.3884,0,0.6116,0,0,0,0,0
"90839-233",0,0,1,0,0,0,0,0,0,0
"90839-234",0.000299999999999967,0,0.01939418,0,0.98030582,0,0,0,0,0
"90839-236",0.0169,0,0,0,0,0,0,0,0.00049155,0.98260845
"90839-237",0.8438,0,0.1547942,0,0.0014058,0,0,0,0,0
"90839-238",0.00190000000000001,0,0,0.00109791,0,0,0.99700209,0,0,0
"90839-239",9.9999999999989e-05,0,0,0,0,0,0,0,9.999e-05,0.99980001
"90839-240",0.0622,0,9.378e-05,0,0.93770622,0,0,0,0,0
"90839-241",0.00319999999999998,0,0.88974368,0,0.10705632,0,0,0,0,0
"90839-242",0,0,0,0,0,0,0,0,0,1
"90839-243",9.9999999999989e-05,0,0.00109989,0,0.99880011,0,0,0,0,0
"90839-244",0.000199999999999978,0,0,0,0,0,0.9998,0,0,0
"90839-245",9.9999999999989e-05,0,0.99950004,0,0.00039996,0,0,0,0,0
"90839-246",0.00260000000000005,0,0.20825712,0,0.78914288,0,0,0,0,0
"90839-247",0,0,0.9836,0,0.0164,0,0,0,0,0
"90839-248",0.001,0,0.9916074,0,0.0073926,0,0,0,0,0
"90839-250",0.9997,7.893e-05,9.66e-06,6.18e-06,0,0,0.00019449,3e-08,1.071e-05,0
"90839-251",0,0,0,0,0,0,0,0,0.0692,0.9308
"90839-252",0,0,0.8171,0,0.1829,0,0,0,0,0
"90839-253",0,0,0,0,0,0,0,0,0,1
"90839-254",0.00870000000000004,0,0,0,0,0,0,0,0,0.9913
"90839-255",0.000700000000000034,0,0,0.03167781,0,0,0.96762219,0,0,0
"90839-256",9.9999999999989e-05,0,0.64153584,0,0.35836416,0,0,0,0,0
"90839-257",0.000299999999999967,0,0,0,0,0,0,0,0,0.9997
"90839-258",0.00800000000000001,0,0,0,0,0,0,0.007936,0.8475648,0.1364992
"90839-260",0.00309999999999999,0,0,0.01624947,0,0,0.98065053,0,0,0
"90839-261",9.9999999999989e-05,0,0,0,0,0,0,0,0,0.9999
"90839-262",0,0,0,0,0,0,0,0,0,1
"90839-263",0.6133,0.0003867,0,0.0166281,0,0,0.3696852,0,0,0
"90839-264",0,0,0.9831,0,0.0169,0,0,0,0,0
"90839-265",0,0,0,0,0,0,0,0,0,1
"90839-266",0,0,0,0.009,0,0,0.991,0,0,0
"90839-267",0,0,4e-04,0,0.9996,0,0,0,0,0
"90839-268",0.1434,0,0,0,0,0,0,0.22322996,0.63234212,0.00102792
"90839-269",0,0,0,0,0,1,0,0,0,0
"90839-270",9.9999999999989e-05,0,0,0,0,0.9999,0,0,0,0
"90839-271",0.000399999999999956,0,0,0,0,0.9996,0,0,0,0
"90839-272",0.00129999999999997,0,0,0,0,0,0,0.00039948,0.00129831,0.99700221
"90839-273",0.000199999999999978,0,0,0,0,0.9998,0,0,0,0
"90839-274",0,0,0,0,0,1,0,0,0,0
"90839-275",0.000199999999999978,0,0.99240148,0,0.00739852,0,0,0,0,0
"90839-276",0,0,0,0,0,0,0,0,0,1
"90839-278",0.0153,0,0,0,0,0,0,0,0,0.9847
"90839-279",0.9619,0,0,0,0,0,0,0.0381,0,0
"90839-280",9.9999999999989e-05,0,0,0,0,0,0,0,0.11208879,0.88781121
"90839-281",0.0102,0,0.89468022,0,0.09511978,0,0,0,0,0
"90839-282",0.000399999999999956,0,0,0,0,0,0,0,0,0.9996
"90839-283",9.9999999999989e-05,0,0,0,0,0,0.9999,0,0,0
"90839-284",0.027,0.0001946,0,0.9607402,0,0,0.0120652,0,0,0
"90839-285",0.000399999999999956,0,0,0,0,0,0,0,0,0.9996
"90839-286",0,0,0.9043,0,0.0957,0,0,0,0,0
"90839-287",0.00170000000000003,0,0,0,0,0,0,0,0,0.9983
"90839-288",0,0,0,0,0,0,0,0,0,1
"90839-289",9.9999999999989e-05,0,0.54124587,0,0.45865413,0,0,0,0,0
"90839-290",0,0,0,0,0,0,0,0,0,1
"90839-291",0,0,0,0,0,0,0,0,0,1
"90839-292",0.0915,0,0,0,0,0,0,0,0,0.9085
"90839-293",0.000299999999999967,0,0,0.0009997,0,0,0.9987003,0,0,0
"90839-294",0,0,0,0,0,0,0,0,0,1
"90839-295",0,0,0,0,0,0,0,0,0,1
"90839-296",0,0,0,0,0,0,0,0,0,1
"90839-298",0,0,0,0.0012,0,0,0.9988,0,0,0
"90839-299",0,0,0,0,0,0,0,0,0,1
"90839-300",0.000199999999999978,0,0,0,0,0,0,0.00109978,0.16426714,0.83443308
"90839-301",0.000299999999999967,0,0.9787063,0,0.0209937,0,0,0,0,0
"90839-302",9.9999999999989e-05,0,0,0,0,0,0,0,0,0.9999
"90839-303",0,0,0,0,0,0,0,7e-04,0.9993,0
"90839-304",0.000399999999999956,0,0,0,0,0,0,0.00139944,0.439824,0.55837656
"90839-305",0.0402,9.598e-05,0,0.15807906,0,0,0.80162496,0,0,0
"90839-306",0,0,0,0,0,1,0,0,0,0
"90839-307",0.0969,0,0,0.00379302,0,0.10981696,0.00036124,0.78813537,0.00099341,0
"90839-308",9.9999999999989e-05,0,0,0,0,0.9999,0,0,0,0
"90839-309",1,0,0,0,0,0,0,0,0,0
"90839-310",0,0,0,0,0,0.9995,0,4e-04,1e-04,0
"90839-311",0.002,0,0,0,0,0,0,9.98e-05,0.9979002,0
"90839-312",0,0,0,0,0,1,0,0,0,0
"90839-313",9.9999999999989e-05,0,0,0.83051694,0,0,0.16938306,0,0,0
"90839-314",9.9999999999989e-05,0,0.56754324,0,0.43235676,0,0,0,0,0
"90839-315",9.9999999999989e-05,0,0,0,0,0,0,0,0.03649635,0.96340365
"90839-316",0.000800000000000023,0,0.6814544,0,0.3177456,0,0,0,0,0
"90839-317",0.000299999999999967,0,0,0,0,0,0,0,0.00019994,0.99950006
"90839-318",0,0,0,0,0,0,0,0,0,1
"90839-319",0.00719999999999998,0,0,0,0,0,0,0,0,0.9928
"90839-320",0.000199999999999978,0,0.66596678,0,0.33383322,0,0,0,0,0
"90839-321",0,0,0,0,0,0,0,0,0,1
"90839-322",0,0,0,0,0,0,0,0,0.0047,0.9953
"90839-323",0.6943,0,0,0,0,0,0,0.00116166,0.30389637,0.00064197
"90839-324",0,0,0,0,0,0,0,0,0,1
"90839-325",0,0,0,0,0,0,0,0,0,1
"90839-326",0,0,0.9228,0,0.0772,0,0,0,0,0
"90839-327",0.02,0,0.98,0,0,0,0,0,0,0
"90839-328",0.00790000000000002,0,0,0,0,0,0,0,9.921e-05,0.99200079
"90839-329",9.9999999999989e-05,0,0,0,0,0,0,0,0,0.9999
"90839-330",0.000299999999999967,0,0.79816048,0,0.20153952,0,0,0,0,0
"90839-331",9.9999999999989e-05,0,0,0,0,0,0,0,0,0.9999
"90839-332",0,0,0,0,0,0,0,0,0.9012,0.0988
"90839-333",0.00390000000000001,0,0,0,0,0,0,0.94121489,0.05488511,0
"90839-334",0.000399999999999956,0,0.55407828,0,0.44552172,0,0,0,0,0
"90839-335",0,0,0.0038,0,0.9962,0,0,0,0,0
"90839-336",0.000399999999999956,0,0.04208316,0,0.95751684,0,0,0,0,0
"90839-337",0.000199999999999978,0,0.99750046,0,0.00229954,0,0,0,0,0
"90839-338",0,0,0.9767,0,0.0233,0,0,0,0,0
"90839-339",0,0,0.9968,0,0.0032,0,0,0,0,0
"90839-340",0,0,0,0,1,0,0,0,0,0
"90839-341",0.00170000000000003,0,0.95557276,0,0.04272724,0,0,0,0,0
"90839-342",0.00290000000000001,0,0,0,0,0,0,0,0,0.9971
"90839-343",0,0,0.0186,0,0.9814,0,0,0,0,0
"90839-344",0,0,0,0,0,0,0,0,0,1
"90839-345",0,0,0,0,0,0,0,0,0.0435,0.9565
"90839-347",0.000199999999999978,0,0,0.00239952,0,0,0.99740048,0,0,0
"90839-348",0.5083,0,0,0,0,0,0,0.4917,0,0
"90839-349",0,0,0,0,0,1,0,0,0,0
"90839-350",0.0612,0,0,0,0,0,0,9.388e-05,0.1872906,0.75141552
"90839-351",0.000700000000000034,0,0,0,0,0,0,0,0,0.9993
"90839-352",0,0,0,0,0,0,0,0,0,1
"90839-353",0,0,0,0,0,0,0,0,1e-04,0.9999
"90839-354",0,0,0,0,0,0,0,0,0,1
"90839-355",0,0,0,0,0,0,0,0,0,1
"90839-356",0.0251,0,0,0,0,0,0,9.749e-05,0.97470502,9.749e-05
"90839-357",9.9999999999989e-05,0,0,0,0,0,0,0,0,0.9999
"90839-358",0,0,0,0,0,0,0,0,0,1
"90839-359",0,0,0,0,0,0,0,0,0,1
"90839-360",0.000199999999999978,0,0,0,0,0,0,0,0,0.9998
"90839-361",0.0103,0,0,0,0,0,0,0,0,0.9897
"90839-362",0.000199999999999978,0,0,0,0,0,0,0,0,0.9998
"90839-363",0,0,0,0,0,0,0,0,0,1
"90839-364",0.3721,0,0,0,0,0,0,0.01349985,0.61440015,0
"90839-365",0.002,0,0,0,0,0,0,0,0.998,0
"90839-366",0.1013,0,0,0,0,0,0,0.00826804,0.89043196,0
"90839-367",0.00229999999999997,0,0,0,0,0,0,0.00818114,0.98941909,9.977e-05
"90839-368",0,0,0,0,0,0,0,0,0,1
"90839-369",0.000700000000000034,0,0,0,0,0.9993,0,0,0,0
"90839-370",0.000499999999999945,0,0,0,0,0.99840055,0,0.00109945,0,0
"90839-371",0,0,0,0,0,1,0,0,0,0
"90839-372",0.000700000000000034,0,0,0,0,0.9993,0,0,0,0
"90839-373",0.0117,0,0,0,0,0,0,0,0.00049415,0.98780585
"90839-374",0,0,0,0,0,0,0,0,0,1
"90839-375",0.00570000000000004,0,0,0,0,0,0,0,0.00139202,0.99290798
"90839-376",0.000299999999999967,0,0,0,0,0,0,0,0,0.9997
"90839-377",0.00139999999999996,0,0,0,0,0,0,0,9.986e-05,0.99850014
"90839-378",0,1e-04,0,0.1052,0,0,0.8947,0,0,0
"90839-379",0.0224,0,0,0,0,0,0,0.86644688,0.11115312,0
"90839-380",0.000199999999999978,0,0,0,0,0,0,0,0,0.9998
"90839-381",0,0,0,0,0,0,0,0,0,1
"90839-382",0,0,0,0,0,0,0,0,7e-04,0.9993
"90839-383",0.00480000000000003,0,0,0,0,0,0,0.00527456,0.98992544,0
"90839-384",0.000199999999999978,0,0,0,0,0.9998,0,0,0,0
"90839-385",0.0352,0,0.29686896,0,0.66793104,0,0,0,0,0
"90839-386",9.9999999999989e-05,0,0.91370862,0,0.08619138,0,0,0,0,0
"90839-387",0,0,0,0.9847,0,0,0.0153,0,0,0
"90839-388",0.0125,0,0.25171375,0,0.73578625,0,0,0,0,0
"90839-389",0.0445,0,0.77462385,0,0.18087615,0,0,0,0,0
"90839-390",0.0195,0,0.02872865,0,0.95177135,0,0,0,0,0
"90839-391",0.00160000000000005,0,0,0.00109824,0,0,0.99730176,0,0,0
"90839-392",0.00600000000000001,0,0.007952,0,0.986048,0,0,0,0,0
"90839-393",0.00149999999999995,0,0.86300355,0,0.13549645,0,0,0,0,0
"90839-394",9.9999999999989e-05,0,0.56014398,0,0.43975602,0,0,0,0,0
"90839-395",0.000399999999999956,0,0,0,0,0,0,0,0,0.9996
"90839-397",0.00249999999999995,0,0,0,0,0.9975,0,0,0,0
"90839-398",0,0,0.9953,0,0.0047,0,0,0,0,0
"90839-399",0.000199999999999978,0,0.00169966,0,0.99810034,0,0,0,0,0
"90839-400",0.000199999999999978,0,0.3804239,0,0.6193761,0,0,0,0,0
"90839-401",0,0,0.9754,0,0.0246,0,0,0,0,0
"90839-402",0.0447,0,0.95520447,0,9.553e-05,0,0,0,0,0
"90839-403",0.00249999999999995,0,0,0,0,0,0,0,0,0.9975
"90839-404",0,0,0,0,0,0,0,0,0,1
"90839-405",0.0558999999999999,0,0,0,0,0,0,0.00330435,0.94079565,0
"90839-407",0.0225,0,0,0,0,0,0,0.0013685,0.9761315,0
"90839-408",0.00119999999999998,0,0.3116256,0,0.6871744,0,0,0,0,0
"90839-409",0.00119999999999998,0,0.01058728,0,0.98821272,0,0,0,0,0
"90839-410",0.00109999999999999,0,0.14254303,0,0.85635697,0,0,0,0,0
"90839-411",0.1274,0,0.85794032,0,0.01465968,0,0,0,0,0
"90839-412",0.000800000000000023,0,0.61960392,0,0.37959608,0,0,0,0,0
"90839-413",0,0,1,0,0,0,0,0,0,0
"90839-414",0.012,0,9.88e-05,0,0.9879012,0,0,0,0,0
"90839-415",9.9999999999989e-05,0,0.95670432,0,0.04319568,0,0,0,0,0
"90839-416",0,0,0,0,0,0,0,0,0,1
"90839-417",0,0,0,0,0,0,0,0,0,1
"90839-418",0,0,1,0,0,0,0,0,0,0
"90839-419",0,0,0,0,0,0,0,0,0,1
"90839-420",0.9998,3.288e-05,3.22e-06,2e-08,0,0,8e-08,0.00012212,4.168e-05,0
"90839-421",0,0,0,0,0,0,0,0,0,1
"90839-422",0,0,0.9996,0,4e-04,0,0,0,0,0
"90839-423",0.00170000000000003,0,0.83907115,0,0.15922885,0,0,0,0,0
"90839-424",0.000600000000000045,0,0.9769135,0,0.0224865,0,0,0,0,0
"90839-425",0.00229999999999997,0,0.22657767,0,0.77112233,0,0,0,0,0
"90839-426",0.000700000000000034,0,0.08344155,0,0.91585845,0,0,0,0,0
"90839-427",0.001,0,0.9987003,0,0.0002997,0,0,0,0,0
"90839-428",0.000499999999999945,0,0.9493251,0,0.0501749,0,0,0,0,0
"90839-429",0,0,0.413,0,0.587,0,0,0,0,0
"90839-430",9.9999999999989e-05,0,0,0.00329967,0,0,0.99660033,0,0,0
"90839-431",0,0,0.0079,0,0.9921,0,0,0,0,0
"90839-432",0.0105,0,0.9895,0,0,0,0,0,0,0
"90839-433",0,0,0,0,0,0,0,0,1e-04,0.9999
"90839-434",0.0421,0,0,0,0,0.00067053,0.01839168,0.13037019,0.05718663,0.75128097
"90839-435",0.0349,0,0,0.00086859,0,0,0.96423141,0,0,0
"90839-436",0,0,0.0021,0,0.9979,0,0,0,0,0
"90839-437",0.00309999999999999,0,0.45727803,0,0.53962197,0,0,0,0,0
"90839-438",0.000299999999999967,0,0.02969109,0,0.97000891,0,0,0,0,0
"90839-439",0.000600000000000045,0,0.8220065,0,0.1773935,0,0,0,0,0
"90839-440",9.9999999999989e-05,0,0.98260173,0,0.01729827,0,0,0,0,0
"90839-441",0.000399999999999956,0,0.50049972,0,0.49910028,0,0,0,0,0
"90839-442",9.9999999999989e-05,0,0.00189981,0,0.99800019,0,0,0,0,0
"90839-443",0,0,0.9371,0,0.0629,0,0,0,0,0
"90839-444",0,0,0.0245,0,0.9755,0,0,0,0,0
"90839-445",0,0,0.3025,0,0.6975,0,0,0,0,0
"90839-446",0,0,0.599,0,0.401,0,0,0,0,0
"90839-447",0.00819999999999999,0,0.2053026,0,0.7864974,0,0,0,0,0
"90839-448",9.9999999999989e-05,0,0,0,0.9999,0,0,0,0,0
"90839-449",0.000199999999999978,0,0.14407118,0,0.85572882,0,0,0,0,0
"90839-450",0.00149999999999995,0,0.99181005,0,0.00668995,0,0,0,0,0
"90839-451",0,0,0,0.9093,0,0,0.0907,0,0,0
"90839-452",0.0262,0,0.9738,0,0,0,0,0,0,0
"90839-453",0.00900000000000001,0,0,0,0,0,0,0,0.991,0
"90839-454",0.0135999999999999,0,0,0,0,0,0,0.00078912,0.98561088,0
"90839-455",0,0,0,0,0,1,0,0,0,0
"90839-456",9.9999999999989e-05,0,0.82661733,0,0.17328267,0,0,0,0,0
"90839-457",0,0,0.9762,0,0.0238,0,0,0,0,0
"90839-458",9.9999999999989e-05,0,0.78852114,0,0.21137886,0,0,0,0,0
"90839-459",0,0,0.7936,0,0.2064,0,0,0,0,0
"90839-460",9.9999999999989e-05,0,0,0.00289971,0,0,0.99700029,0,0,0
"90839-461",0.0341,0,0.93064465,0,0.03525535,0,0,0,0,0
"90839-462",0.000900000000000012,0,0.96732862,0,0.03177138,0,0,0,0,0
"90839-463",0,0,0.1162,0,0.8838,0,0,0,0,0
"90839-464",0.1812,0,0.70146596,0,0.11733404,0,0,0,0,0
"90839-466",0.0108,0,0.63664912,0,0.35255088,0,0,0,0,0
"90839-467",0.6809,0,0.30770813,0,0.01139187,0,0,0,0,0
"90839-468",0.001,0,0.9987003,0,0.0002997,0,0,0,0,0
"90839-469",0.000399999999999956,0,0.01559376,0,0.98400624,0,0,0,0,0
"90839-470",0.00829999999999997,0,0.95937058,0,0.03232942,0,0,0,0,0
"90839-471",0,1e-04,0,0.0424,0,0,0.9571,4e-04,0,0
"90839-472",0,0,0,0,0,0,0,0,0,1
"90839-473",0.5521,0,0.44776563,0,0.00013437,0,0,0,0,0
"90839-474",0.005,0.009552,0.000796,0.947041,0,0,0.037611,0,0,0
"90839-475",0,0.0027,0,0.0999,0,0,0.8974,0,0,0
"90839-476",0,0,0,0,0,1,0,0,0,0
"90839-477",0.9983,0.00016592,1.7e-07,6.8e-07,0,0,0.00121703,2.21e-06,0.00031399,0
"90839-478",9.9999999999989e-05,0,0.94910508,0,0.05079492,0,0,0,0,0
"90839-479",9.9999999999989e-05,0,0,0,0.9999,0,0,0,0,0
"90839-480",0.194,0,0,0,0,0.806,0,0,0,0
"90839-481",0,0,0,0,0,1,0,0,0,0
"90839-482",0,0,0,0,0,1,0,0,0,0
"90839-483",0,0,0,0,0,1,0,0,0,0
"90839-484",0.9378,0,0,0,0,0,0,0.00629464,0.05590536,0
"90839-485",0.9852,3.552e-05,1.628e-05,1.48e-06,0,0,0.0028342,0,0.01191252,0
"90839-486",0,0,0,0,0,0,0,9e-04,0.0536,0.9455
"90839-487",0,0,0,0,0,1,0,0,0,0
"90839-488",0,0,0,0,0,1,0,0,0,0
"90839-489",9.9999999999989e-05,0,0,0.86761323,0,0,0.13228677,0,0,0
"90839-490",0.000399999999999956,0,0,0,0,0,0,0,0.99950004,9.996e-05
"90839-492",0,0,0,0,0,0,0,0,0,1
"90839-493",0.000800000000000023,0,0,0,0,0,0,0.0004996,0.99610248,0.00259792
"90839-494",0.00109999999999999,0,0,0,0,0,0,0.15792609,0.84097391,0
"90839-496",0,0,0,0,0,1,0,0,0,0
"90839-497",0.00329999999999997,0,0,0,0,0,0,0.9947066,0.00189373,9.967e-05
"90839-498",9.9999999999989e-05,0,0,0,0,0,0,0,9.999e-05,0.99980001
"90839-499",0.0117,0,0,0,0,0,0,0,0.00019766,0.98810234
"90839-500",0,0,0,0,0,0,0,0,4e-04,0.9996
"90839-501",0,0.0035,1e-04,0.761,0,0,0.2354,0,0,0
"90839-502",0,0,0,0,0,0,0,0,0,1
"90839-503",0,0,0,0,0,0,0,0,0.9999,1e-04
"90839-504",9.9999999999989e-05,0,0,0,0,0,0,0,9.999e-05,0.99980001
"90839-505",0,0,0,0,0,0,0,0,0,1
"90839-506",0.000499999999999945,0,0,0,0,0,0,0,0,0.9995
"90839-507",9.9999999999989e-05,0,0.0009999,0,0.9989001,0,0,0,0,0
"90839-508",0,0,0,0,0,0,0,0,0.0085,0.9915
"90839-509",0.00139999999999996,0,0,0,0,9.986e-05,0,0.01457956,0.0579188,0.92600178
"90839-510",0,0,0,0,0,0,0,0,0,1
"90839-511",0,0,0,0,0,0,0,0,0,1
"90839-512",0,0,0,0,0,0,0,0,0,1
"90839-513",0,0,0,0,0,0,0,0,0,1
"90839-514",0,0,0,0,0,0,0,0,0,1
"90839-515",0,0,0,0,0,0,0,0,0,1
"90839-516",0.000800000000000023,0,0,0,0,0.0009992,0,0.00179856,0.99480352,0.00159872
"90839-517",0.00329999999999997,0,0,0,0,0,0,0,0,0.9967
"90839-518",0,0,0,0,0,0,0,0,0,1
"90839-519",0.00590000000000002,0,0,0,0,0,0,0,0.9941,0
"90839-520",0,0,0,0,0,0,0,0,0,1
"90839-521",0.000199999999999978,0,0,0,0,0,0.9998,0,0,0
"90839-522",0,0,0,0,0,1,0,0,0,0
"90839-523",0.000299999999999967,0.01069679,0.00029991,0.01729481,0,0,0.03129061,0.93721875,0.00289913,0
"90839-524",0.00119999999999998,0.00039952,0,0.04684372,0,0,0.95155676,0,0,0
"90839-525",0.988,0,0,0,0,0,0,0.0075312,0.0001176,0.0043512
"90839-526",0,0,0,0,0,1,0,0,0,0
"90839-527",0.000900000000000012,0,0,0,0,0,0,0,0,0.9991
"90839-528",0.000199999999999978,0,0,0,0,0,0,0,0,0.9998
"90839-529",0,0,0,0,0,0,0,0,1e-04,0.9999
"90839-530",0,0,0,0,0,0,0,0,0,1
"90839-531",0,0,0,0,0,0,0,0,1,0
"90839-532",0,0,0,0,0,0,0,0,0.1742,0.8258
"90839-533",9.9999999999989e-05,0,0,0,0,0,0,0,0,0.9999
"90839-534",0,0,0,0,0,0,0,0,0.0307,0.9693
"90839-535",0,0,0,0,0,0,0,0,1e-04,0.9999
"90839-536",0,0,0,0,0,0,0,0,0,1
"90839-537",0.00309999999999999,0,0,0,0,0,0,0,0.9969,0
"90839-538",0,0,0,0,0,0,0,0,0,1
"90839-539",0,0,0,0,0,0,0,0,0,1
"90839-540",0.00639999999999996,0,0,0,0,0,0,0,0.9936,0
"90839-541",9.9999999999989e-05,0,0,0,0,0,0,0,0,0.9999
"90839-542",0,0,0,0,0,0,0,0.001,0.9853,0.0137
"90839-543",9.9999999999989e-05,0,0,0,0,0,0,0,0,0.9999
"90839-544",0,0,0,0,0,0,0,0,5e-04,0.9995
"90839-545",0,0,0,0,0,0,0,0,0,1
"90839-546",0.00619999999999998,0,0,0,0,0,0,0,0,0.9938
"90839-547",0,0,0,0,0,0,0,0,0.0014,0.9986
"90839-548",0.00539999999999996,0,0,0,0,0,0,0,0,0.9946
"90839-549",0,0,0,0,0,0,0,0,2e-04,0.9998
"90839-550",0,0,0,0,0,0,0,0,0,1
"90839-551",0,0,0,0,0,0,0,0,0,1
"90839-552",0,0,0,0,0,0,0,0,1e-04,0.9999
"90839-553",0.012,0,0,0,0,0,0,0,0,0.988
"90839-554",0,0,0,0,0,1,0,0,0,0
"90839-556",0.00149999999999995,0,0,0.00069895,0,0,0.00748875,0.99021245,9.985e-05,0
"90839-557",0,0,0,0,0,0.9987,0,0,0.0013,0
"90839-558",0,0,0,0,0,1,0,0,0,0
"90839-559",0,0,0,0,0,1,0,0,0,0
"90839-560",0.0145,0,0,0,0,0.9853029,0,0.0001971,0,0
"90839-561",0,0,0,0,0,0,0,0,0,1
"90839-562",9.9999999999989e-05,0,0,0,0,0,0,0,0,0.9999
"90839-563",0.028,0,0,0,0,0,0,9.72e-05,0.110322,0.8615808
"90839-564",0.0646,0,0,0,0,0,0,9.354e-05,0.04293486,0.8923716
"90839-565",0.8763,0,0,0,0,0,0,0.04324552,0.08045448,0
"90839-566",0.000499999999999945,0,0,0,0,0.9995,0,0,0,0
"90839-567",0.00180000000000002,0,0,0,0,0.99810018,0,9.982e-05,0,0
"90839-568",0.00149999999999995,9.985e-05,0,0.850722,0,0,0.14767815,0,0,0
"90839-569",0.000199999999999978,0,0,0,0,0.9998,0,0,0,0
"90839-570",9.9999999999989e-05,0,0,0,0,0.9999,0,0,0,0
"90839-571",0.0652,0,0,0,0,0.9348,0,0,0,0
"90839-572",0,0,0,0,0,0,0,0,0.0063,0.9937
"90839-573",0,3e-04,0,0.9843,0,0,0.0154,0,0,0
"90839-574",0,0,0,0,0,0,0,0,0.002,0.998
"90839-575",0.000700000000000034,0,0,0,0,0,0,0,0,0.9993
"90839-576",0,0,0,0,0,0,0,0,0,1
"90839-577",0,0,0,0,0,0,0,0,0,1
"90839-578",0.000199999999999978,0,0,0,0,0,0,0,0,0.9998
"90839-579",0,0,0,0,0,0,0,0,0,1
"90839-580",9.9999999999989e-05,0,0,0,0,0,0,0,0.00059994,0.99930006
"90839-581",0.000800000000000023,0,0,0,0,0,0,0,9.992e-05,0.99910008
"90839-582",0.000199999999999978,0,0,0,0,0,0,0,0,0.9998
"90839-583",9.9999999999989e-05,0,0,0,0,0,0,0,0,0.9999
"90839-584",0,0,0,0,0,0,0,0,0,1
"90839-585",0.004,0,0,0,0,0,0,0,0,0.996
"90839-586",0.00729999999999997,0,0,0,0,0,0,0.00049635,0.31647276,0.67573089
"90839-587",0,0,0,0,0,0,0,0,0.0246,0.9754
"90839-588",0,0,0,0,0,0,0,0,0,1
"90839-589",0,0,0,0,0,0,0,0,0,1
"90839-590",0.000499999999999945,0,0,0,0,0,0,0,0,0.9995
"90839-591",0,0,0,0,0,0,0,0,0,1
"90839-592",0,0,0,0,0,0,0,0,0,1
"90839-593",0,0,0.9451,0,0.0549,0,0,0,0,0
"90839-594",0.00449999999999995,0,0.43792045,0,0.55757955,0,0,0,0,0
"90839-595",0.00270000000000004,0,0.86844884,0,0.12885116,0,0,0,0,0
"90839-596",0.2182,0,0.70072734,0,0.08107266,0,0,0,0,0
"90839-597",0,0,0,0,1,0,0,0,0,0
"90839-598",0.019,0,0.9804114,0,0.0005886,0,0,0,0,0
"90839-599",0,0,1,0,0,0,0,0,0,0
"90839-600",0.000399999999999956,0,0.88984392,0,0.10975608,0,0,0,0,0
"90839-601",0,0,0,0,1,0,0,0,0,0
"90839-602",0.1734,0,0.82221902,0,0.00438098,0,0,0,0,0
"90839-603",9.9999999999989e-05,0,0.969903,0,0.029997,0,0,0,0,0
"90839-604",0,0,0.9566,0,0.0434,0,0,0,0,0
"90839-605",0.0172,0,0.9813258,0,0.0014742,0,0,0,0,0
"90839-606",0,0,0,0,0,0,0,0,0,1
"90839-607",0,0,0.9907,0,0.0093,0,0,0,0,0
"90839-609",0.0708,0,0.06104844,0,0.86815156,0,0,0,0,0
"90839-610",0.000499999999999945,0,0.55742115,0,0.44207885,0,0,0,0,0
"90839-611",0.00149999999999995,0,0,0.00309535,0,0,0.99540465,0,0,0
"90839-612",0,0,0,0,0,1,0,0,0,0
"90839-613",0.00139999999999996,0,0,0,0,0.9986,0,0,0,0
"90839-614",0.000499999999999945,0,0,0,0,0.99860045,0,0.00089955,0,0
"90839-615",0.00339999999999996,0,0,0,0,0.9966,0,0,0,0
"90839-616",0.000600000000000045,0,0,0,0,0.9994,0,0,0,0
"90839-617",0,0,0,0,0,1,0,0,0,0
"90839-618",0,0,0,0,0,1,0,0,0,0
"90839-619",0.000199999999999978,0,0,0,0,0.9998,0,0,0,0
"90839-620",0,0,0,0,0,1,0,0,0,0
"90839-621",0.000399999999999956,0,0,0,0,0,0,0,0,0.9996
"90839-622",0,0,0,0,0,0,0,0,0,1
"90839-623",0,0,0,0,0,0,0,0,0,1
"90839-624",0,0,0,0,0,0,0,0,0,1
"90839-625",0,0,0,0.1792,0,0,0.8208,0,0,0
"90839-626",0,0,0,0,0,0,0,0,0,1
"90839-627",0.000199999999999978,0,0,0,0,0,0,0,0,0.9998
"90839-628",0,0,0,0,0,0,0,0,0,1
"90839-629",0.5188,0,0,0,0,0,0,0.00019248,0.48100752,0
"90839-630",0.000700000000000034,0,0,0.0009993,0,0,0.9983007,0,0,0
"90839-631",0,0,0,0,0,0,0,0,0,1
"90839-632",0.00170000000000003,0,0,0,0,0.9983,0,0,0,0
"90839-633",0,0,0,0,0,0.9996,0,4e-04,0,0
"90839-634",0,0,0,0,0,1,0,0,0,0
"90839-635",0,0,0,0,0,0.9988,0,1e-04,0.0011,0
"90839-636",0.00590000000000002,0,0,0,0,0.9941,0,0,0,0
"90839-637",0.000600000000000045,0,0,0,0,0.9994,0,0,0,0
"90839-638",0.8656,0,0.05595072,0,0,0,0,0,0.07844928,0
"90839-639",0,0,0,0,0,1,0,0,0,0
"90839-640",9.9999999999989e-05,0,0.02339766,0,0.97650234,0,0,0,0,0
"90839-641",0.0683,0,0,0,0,0,0,0,0,0.9317
