"ID","Not regional","Alsek","Chilkat_R","Copper_R","E_Vancouver_Is","Haida_Gwaii","Juan_de_Fuca","Kamchatka","King_Salmon_R","Low_Fraser_R","Low_Skeena_R","Low_Thompson_R","Mid_Fraser_R","Mid_Up_Yukon","N/Cent_BC_Cst","N_AK_Peninsula","N_Gulf_AK","N_Puget_Sound","N_Thompson_R","Nass_R","NSE_AK","S_BC_Cst","S_Puget_Sound","S_Thompson_R","Situk_R","SSE_AK","Stikine_R","Taku_R","Up_Fraser_R","Up_Skeena_R","W_AK_Cst","W_Vancouver_Is","WA_Cst"
"90839-001",0.9999,7e-08,2e-08,8.4e-07,0,0,0,1.5e-07,0,0,2e-08,0,2e-08,0,0,9.9e-07,9.8e-07,0,0,7e-08,4e-07,0,0,0,4.6e-07,7.4e-06,8.677e-05,4.8e-07,3e-08,1.9e-07,1.11e-06,0,0
"90839-002",0.9998,1.6e-07,0,4.54e-06,0,0,0,0,0,0,2e-08,0,0,2e-08,0,3.04e-06,1.92e-06,0,0,2.4e-07,4.6e-07,0,0,0,1e-07,1.344e-05,0.00017328,1.6e-07,0,1.8e-07,2.44e-06,0,0
"90839-003",1,0,0,0,0,0,0,0,0,0,0,0,0,0,0,0,0,0,0,0,0,0,0,0,0,0,0,0,0,0,0,0,0
"90839-004",1,0,0,0,0,0,0,0,0,0,0,0,0,0,0,0,0,0,0,0,0,0,0,0,0,0,0,0,0,0,0,0,0
"90839-005",1,0,0,0,0,0,0,0,0,0,0,0,0,0,0,0,0,0,0,0,0,0,0,0,0,0,0,0,0,0,0,0,0
"90839-006",0.9997,0,0,1.02e-06,0,0,0,9e-08,0,0,1.83e-06,3e-08,2.1e-07,0,8.7e-07,1.47e-06,3.3e-07,0,1.56e-06,1.35e-06,9.9e-07,1.2e-07,0,3e-08,4.8e-07,2.451e-05,0.00026016,9.9e-07,0,2.19e-06,1.71e-06,0,6e-08
"90839-007",1,0,0,0,0,0,0,0,0,0,0,0,0,0,0,0,0,0,0,0,0,0,0,0,0,0,0,0,0,0,0,0,0
"90839-008",1,0,0,0,0,0,0,0,0,0,0,0,0,0,0,0,0,0,0,0,0,0,0,0,0,0,0,0,0,0,0,0,0
"90839-009",1,0,0,0,0,0,0,0,0,0,0,0,0,0,0,0,0,0,0,0,0,0,0,0,0,0,0,0,0,0,0,0,0
"90839-010",1,0,0,0,0,0,0,0,0,0,0,0,0,0,0,0,0,0,0,0,0,0,0,0,0,0,0,0,0,0,0,0,0
"90839-011",0.2884,0.001779,0.00014232,0.00434076,0,0,0,0.00085392,0,0,0.00049812,0,0,0,0,0.00910848,0.00362916,0,0,0.005337,0.0014232,0,0,0,0.00113856,0.05600292,0.61574748,0.00170784,0,0.00277524,0.007116,0,0
"90839-012",0.9985,7.05e-06,0,1.86e-05,0,0,0,9e-07,0,0,1.5e-07,4.5e-07,9e-07,0,0,3.39e-05,1.995e-05,0,1.5e-07,7.5e-07,2.25e-06,0,0,0,4.95e-06,7.71e-05,0.0012849,2.1e-06,0,1.2e-06,4.455e-05,0,1.5e-07
"90839-013",0.994,1.02e-05,0,0.0001122,0,0,0,8.4e-06,0,0,0,0,0,6e-06,0,0.0005166,0.000216,0,0,0,5.4e-06,0,0,0,1.32e-05,0.000162,0.0044064,1.2e-06,0,0,0.0005424,0,0
"90839-014",0.9999,3.2e-07,0,8.8e-07,0,0,0,1e-07,0,0,3e-08,0,0,2e-08,0,1.39e-06,1.19e-06,0,0,8e-08,1.8e-07,0,0,0,1.3e-07,6.38e-06,8.66e-05,1.5e-07,0,2e-08,2.53e-06,0,0
"90839-015",1,0,0,0,0,0,0,0,0,0,0,0,0,0,0,0,0,0,0,0,0,0,0,0,0,0,0,0,0,0,0,0,0
"90839-016",1,0,0,0,0,0,0,0,0,0,0,0,0,0,0,0,0,0,0,0,0,0,0,0,0,0,0,0,0,0,0,0,0
"90839-017",0.9986,4.074e-05,0,8.848e-05,0,0,0,6.72e-06,2.8e-07,0,0,0,0,3.122e-05,0,7.28e-06,3.948e-05,0,0,1.4e-07,9.8e-07,0,0,0,2.24e-06,3.976e-05,0.0010682,1.26e-06,0,4.2e-07,7.28e-05,0,0
"90839-018",0.999,9.3e-06,0,7.28e-05,0,0,0,1e-07,0,0,0,1e-07,0,1.1e-06,0,1.34e-05,1e-05,0,0,1.2e-06,1e-06,0,0,0,6.3e-06,3e-05,0.0007835,1.9e-06,0,1.2e-06,6.81e-05,0,0
"90839-019",0.9969,0,0,0,3.1e-07,0,9.641e-05,0,0,0,0,0,0,0,0,0,0,0.00042966,0,0,0,0,0.00257207,0,0,0,0,0,0,0,0,0,1.55e-06
"90839-020",1,0,0,0,0,0,0,0,0,0,0,0,0,0,0,0,0,0,0,0,0,0,0,0,0,0,0,0,0,0,0,0,0
"90839-021",0.9909,1.365e-05,1.092e-05,1.547e-05,1.82e-06,0,0,1.82e-06,0,0,6.279e-05,1.82e-06,9.1e-06,0,5.642e-05,0,0,4.55e-06,1.092e-05,3.64e-06,2.639e-05,4.55e-06,1.092e-05,0,0,0.00099827,0.007644,1.365e-05,9.1e-07,5.278e-05,1.547e-05,0,0.00014014
"90839-022",0.9998,3.26e-06,0,3.522e-05,0,0,0,8e-08,0,0,0,0,0,1e-07,0,6.82e-06,6.92e-06,0,0,0,7.4e-07,0,0,0,8.2e-07,3.5e-06,0.00012732,2e-08,0,4e-08,1.516e-05,0,0
"90839-023",1,0,0,0,0,0,0,0,0,0,0,0,0,0,0,0,0,0,0,0,0,0,0,0,0,0,0,0,0,0,0,0,0
"90839-024",1,0,0,0,0,0,0,0,0,0,0,0,0,0,0,0,0,0,0,0,0,0,0,0,0,0,0,0,0,0,0,0,0
"90839-025",1,0,0,0,0,0,0,0,0,0,0,0,0,0,0,0,0,0,0,0,0,0,0,0,0,0,0,0,0,0,0,0,0
"90839-026",0.9934,0,0,0,1.32e-06,0,7.26e-06,0,0,0,0,0,0,0,3.432e-05,0,0,0.00104478,0,0,0,0,0.0027555,2.376e-05,0,0.0003795,0.0021846,0,0,0,0,6.6e-07,0.0001683
"90839-027",1,0,0,0,0,0,0,0,0,0,0,0,0,0,0,0,0,0,0,0,0,0,0,0,0,0,0,0,0,0,0,0,0
"90839-028",0.9999,0,0,0,1e-08,0,1.1e-07,0,0,0,0,0,0,0,0,0,0,1.368e-05,0,0,0,0,8.617e-05,0,0,0,0,0,0,0,0,0,3e-08
"90839-029",0.9999,0,0,0,1e-08,0,2.5e-07,0,0,0,0,0,0,0,0,0,0,9.48e-06,0,0,0,0,7.906e-05,0,0,0,4e-08,0,0,0,0,0,1.116e-05
"90839-030",1,0,0,0,0,0,0,0,0,0,0,0,0,0,0,0,0,0,0,0,0,0,0,0,0,0,0,0,0,0,0,0,0
"90839-031",0.9999,0,0,0,1e-08,0,1.1e-07,0,0,5e-08,0,0,0,0,0,0,0,1.696e-05,0,0,0,1e-08,7.788e-05,0,0,0,0,0,0,0,0,0,4.98e-06
"90839-032",0.9993,0,0,0,7e-08,0,1.33e-06,0,0,0,0,0,0,0,0,0,0,4.641e-05,0,0,0,0,0.00065198,0,0,0,0,0,0,0,0,0,2.1e-07
"90839-033",1,0,0,0,0,0,0,0,0,0,0,0,0,0,0,0,0,0,0,0,0,0,0,0,0,0,0,0,0,0,0,0,0
"90839-034",0.9159,0,0,0,8.41e-06,0,0.00015979,0,0,0,0,0,0,0,0,0,0,0.0097556,0,0,0,0,0.07415938,0,0,0,0,0,0,0,0,0,1.682e-05
"90839-035",0.9998,0,0,0,2e-08,0,2.2e-07,0,0,0,0,0,0,0,0,0,0,1.438e-05,0,0,0,2e-08,0.00018532,0,0,0,0,0,0,0,0,0,4e-08
"90839-036",1,0,0,0,0,0,0,0,0,0,0,0,0,0,0,0,0,0,0,0,0,0,0,0,0,0,0,0,0,0,0,0,0
"90839-038",0.9982,1.494e-05,0,7.596e-05,0,0,0,9e-07,0,0,1.8e-07,0,0,5.4e-07,0,6.948e-05,6.138e-05,0,0,1.8e-07,3.78e-06,0,0,0,1.08e-06,6.3e-05,0.0014103,1.8e-07,0,3.6e-07,9.774e-05,0,0
"90839-039",0.9967,2.409e-05,0,4.653e-05,0,0,0,6.93e-06,0,0,0,0,0,6.93e-06,0,1.584e-05,2.343e-05,0,0,0,7.92e-06,0,0,0,1.518e-05,0.00024288,0.00282975,2.64e-06,0,2.97e-06,7.491e-05,0,0
"90839-040",1,0,0,0,0,0,0,0,0,0,0,0,0,0,0,0,0,0,0,0,0,0,0,0,0,0,0,0,0,0,0,0,0
"90839-041",0.9987,2.6e-07,0,8.71e-06,0,0,0,7.8e-06,0,0,2.6e-07,0,0,3.9e-07,0,3.146e-05,2.47e-05,0,0,0,9.1e-07,0,0,0,1.56e-06,6.084e-05,0.00111163,3.9e-07,0,1.3e-07,5.096e-05,0,0
"90839-042",1,0,0,0,0,0,0,0,0,0,0,0,0,0,0,0,0,0,0,0,0,0,0,0,0,0,0,0,0,0,0,0,0
"90839-043",1,0,0,0,0,0,0,0,0,0,0,0,0,0,0,0,0,0,0,0,0,0,0,0,0,0,0,0,0,0,0,0,0
"90839-044",1,0,0,0,0,0,0,0,0,0,0,0,0,0,0,0,0,0,0,0,0,0,0,0,0,0,0,0,0,0,0,0,0
"90839-045",1,0,0,0,0,0,0,0,0,0,0,0,0,0,0,0,0,0,0,0,0,0,0,0,0,0,0,0,0,0,0,0,0
"90839-046",1,0,0,0,0,0,0,0,0,0,0,0,0,0,0,0,0,0,0,0,0,0,0,0,0,0,0,0,0,0,0,0,0
"90839-047",1,0,0,0,0,0,0,0,0,0,0,0,0,0,0,0,0,0,0,0,0,0,0,0,0,0,0,0,0,0,0,0,0
"90839-048",1,0,0,0,0,0,0,0,0,0,0,0,0,0,0,0,0,0,0,0,0,0,0,0,0,0,0,0,0,0,0,0,0
"90839-049",0.9999,1.4e-07,7e-08,4.5e-07,0,0,0,1.1e-07,8e-08,0,3.2e-07,3.2e-07,1.8e-07,0,7e-08,0,7.1e-07,0,1.8e-07,7e-08,1.31e-06,0,0,0,5e-08,8.13e-06,8.686e-05,1.6e-07,2e-08,3.7e-07,2.6e-07,0,1.4e-07
"90839-050",1,0,0,0,0,0,0,0,0,0,0,0,0,0,0,0,0,0,0,0,0,0,0,0,0,0,0,0,0,0,0,0,0
"90839-051",0.9859,0.00031866,0,0.00204309,0,0,0,7.05e-06,0,0,0,0,1.41e-06,5.64e-06,0,0.00010011,9.729e-05,0,0,1.41e-06,2.679e-05,0,0,0,4.935e-05,0.00055413,0.01067934,4.23e-06,0,2.82e-06,0.00020868,0,0
"90839-052",0.9998,0,0,0,2e-08,0,1.4e-07,0,0,0,0,0,0,0,0,0,0,1.95e-05,0,0,0,0,0.0001803,0,0,0,0,0,0,0,0,0,4e-08
"90839-053",1,0,0,0,0,0,0,0,0,0,0,0,0,0,0,0,0,0,0,0,0,0,0,0,0,0,0,0,0,0,0,0,0
"90839-054",0.9908,0.00151156,0,0.00099084,0,0,0,3.404e-05,0,0,0,0,0,0,0,0.00014352,0.00010028,0,0,1.84e-05,9.2e-07,0,0,0,0.00117024,6.44e-05,0.00476928,1.288e-05,0,6.44e-06,0.0003772,0,0
"90839-055",0.9995,1.6e-06,0,5.45e-06,0,0,0,5e-08,0,0,2e-07,1e-07,5e-08,0,1e-07,3.5e-06,6.8e-06,0,5e-08,1e-07,1.4e-06,0,0,0,3.3e-06,3.86e-05,0.000433,1.4e-06,1e-07,8.5e-07,3.05e-06,0,3e-07
"90839-056",1,0,0,0,0,0,0,0,0,0,0,0,0,0,0,0,0,0,0,0,0,0,0,0,0,0,0,0,0,0,0,0,0
"90839-057",1,0,0,0,0,0,0,0,0,0,0,0,0,0,0,0,0,0,0,0,0,0,0,0,0,0,0,0,0,0,0,0,0
"90839-058",0.9996,2.56e-06,8e-08,9.12e-06,0,0,0,0,4e-08,0,6.8e-07,4e-07,1.52e-06,0,4e-08,3.6e-07,2.88e-06,0,1.16e-06,9.2e-07,5.2e-07,0,0,0,3.92e-06,2.136e-05,0.00034544,1.64e-06,3.6e-07,2.84e-06,4.16e-06,0,0
"90839-059",0.9919,5.67e-06,0,0.0002106,0,0,0,8.91e-06,0,0,2.43e-06,8.1e-07,0,2.43e-06,0,0.00015228,0.00028917,0,0,0,1.782e-05,0,0,0,1.701e-05,0.00038961,0.00674487,4.05e-06,0,0,0.00025434,0,0
"90839-060",1,0,0,0,0,0,0,0,0,0,0,0,0,0,0,0,0,0,0,0,0,0,0,0,0,0,0,0,0,0,0,0,0
"90839-061",0.9972,7.504e-05,0,0.0001736,0,0,0,1.96e-06,0,0,0,2.8e-07,2.8e-07,2.8e-07,0,1.288e-05,2.044e-05,0,2.8e-07,3.92e-06,0,0,0,0,8.68e-06,9.996e-05,0.00236068,3.92e-06,0,1.68e-06,3.416e-05,0,1.96e-06
"90839-062",1,0,0,0,0,0,0,0,0,0,0,0,0,0,0,0,0,0,0,0,0,0,0,0,0,0,0,0,0,0,0,0,0
"90839-063",0.9998,1.34e-06,0,3.54e-06,0,0,0,2e-08,0,0,6e-08,2.3e-06,8e-08,0,0,2.42e-06,5.8e-07,0,2e-08,3.6e-07,5.8e-07,0,0,0,4.4e-07,1.274e-05,0.00017292,3.2e-07,0,6.2e-07,1.66e-06,0,0
"90839-064",1,0,0,0,0,0,0,0,0,0,0,0,0,0,0,0,0,0,0,0,0,0,0,0,0,0,0,0,0,0,0,0,0
"90839-065",1,0,0,0,0,0,0,0,0,0,0,0,0,0,0,0,0,0,0,0,0,0,0,0,0,0,0,0,0,0,0,0,0
"90839-066",1,0,0,0,0,0,0,0,0,0,0,0,0,0,0,0,0,0,0,0,0,0,0,0,0,0,0,0,0,0,0,0,0
"90839-067",0.9999,2e-07,1e-08,1.17e-06,0,0,0,0,0,0,7e-08,0,0,3.8e-07,1e-08,4.9e-07,3e-07,0,1e-08,3.1e-07,3.5e-07,0,0,0,4e-08,7.04e-06,8.674e-05,2.1e-07,0,2.2e-07,2.45e-06,0,0
"90839-068",0.9988,2.4e-06,1.92e-06,1.32e-05,0,0,0,1.08e-06,0,0,1.2e-07,3.6e-07,2.4e-07,1.2e-07,0,1.896e-05,1.2e-05,0,0,0,1.26e-05,0,0,0,2.16e-06,7.104e-05,0.00103716,8.4e-07,4.8e-07,4.8e-07,2.484e-05,0,0
"90839-069",1,0,0,0,0,0,0,0,0,0,0,0,0,0,0,0,0,0,0,0,0,0,0,0,0,0,0,0,0,0,0,0,0
"90839-070",0.9998,8.8e-07,1e-07,1.42e-05,0,0,0,6e-08,0,0,4e-08,2e-08,2e-08,8e-08,0,6.6e-07,9.8e-07,0,0,0,9.2e-07,0,0,0,1.08e-06,1.208e-05,0.00015868,2e-07,0,2.2e-07,9.78e-06,0,0
"90839-071",0.9987,0.00015431,0,7.982e-05,0,0,0,1.235e-05,0,0,0,0,0,1.3e-07,0,4.836e-05,3.562e-05,0,0,0,1.3e-07,0,0,0,6.11e-06,2.951e-05,0.00089882,9.1e-07,0,0,3.393e-05,0,0
"90839-072",0.9998,9e-07,0,3.1e-06,0,0,0,1.2e-07,4.8e-07,0,4e-08,2e-08,2e-08,0,6e-08,7.4e-07,1.32e-06,0,0,0,3.9e-06,0,0,0,4.8e-07,1.364e-05,0.00017272,4e-08,4e-08,6e-08,2.3e-06,0,2e-08
"90839-073",0.9947,4.611e-05,0,1.166e-05,0,0,0,0,5.3e-07,0,1.007e-05,0,3.71e-06,0,4.77e-06,5.3e-07,4.24e-06,0,2.65e-06,5.194e-05,3.657e-05,0,0,0,5.3e-07,0.00043672,0.00459298,2.597e-05,0,3.657e-05,5.83e-06,0,2.862e-05
"90839-074",1,0,0,0,0,0,0,0,0,0,0,0,0,0,0,0,0,0,0,0,0,0,0,0,0,0,0,0,0,0,0,0,0
"90839-075",1,0,0,0,0,0,0,0,0,0,0,0,0,0,0,0,0,0,0,0,0,0,0,0,0,0,0,0,0,0,0,0,0
"90839-076",1,0,0,0,0,0,0,0,0,0,0,0,0,0,0,0,0,0,0,0,0,0,0,0,0,0,0,0,0,0,0,0,0
"90839-077",1,0,0,0,0,0,0,0,0,0,0,0,0,0,0,0,0,0,0,0,0,0,0,0,0,0,0,0,0,0,0,0,0
"90839-078",1,0,0,0,0,0,0,0,0,0,0,0,0,0,0,0,0,0,0,0,0,0,0,0,0,0,0,0,0,0,0,0,0
"90839-079",0.9994,7.08e-06,0,1.5e-06,0,0,0,6.54e-06,3.6e-07,0,1.8e-07,0,0,6e-08,0,3.06e-06,6e-06,0,0,1.2e-07,1.08e-06,0,0,0,3.66e-06,4.14e-05,0.00051846,1.92e-06,0,4.8e-07,7.86e-06,0,2.4e-07
"90839-080",1,0,0,0,0,0,0,0,0,0,0,0,0,0,0,0,0,0,0,0,0,0,0,0,0,0,0,0,0,0,0,0,0
"90839-081",1,0,0,0,0,0,0,0,0,0,0,0,0,0,0,0,0,0,0,0,0,0,0,0,0,0,0,0,0,0,0,0,0
"90839-082",0.9989,4.4e-07,3.3e-07,6.49e-06,0,0,0,0,0,0,1.98e-06,1.1e-07,0,1.1e-07,2.2e-07,3.113e-05,2.97e-06,0,0,2.86e-06,1.1e-05,0,0,0,5.94e-06,6.215e-05,0.00094644,9.57e-06,0,4.95e-06,1.331e-05,0,0
"90839-083",0.9486,5.14e-06,0,0.00017476,0,0,0,6.682e-05,0,0,2.056e-05,1.028e-05,5.14e-06,0,0,0.00049344,0.00119248,0,0,0,0.00027756,0,0,0,0.0003855,0.00388584,0.04410634,0.0001285,0,4.626e-05,0.00060138,0,0
"90839-084",0.9998,1.5e-06,2e-08,9.4e-07,0,0,0,4e-08,2e-08,0,7e-07,4.4e-07,0,0,5.4e-07,6e-08,6.8e-07,0,1.8e-07,8e-08,2.8e-07,0,0,0,8e-08,1.65e-05,0.00017342,4.6e-07,0,6.4e-07,6.6e-07,0,2.76e-06
"90839-085",0.9923,2.31e-06,1.54e-06,4.543e-05,0,0,0,7.7e-06,0,0,5.39e-06,7.469e-05,2.618e-05,0,0,4.312e-05,5.852e-05,0,8.47e-06,7.7e-07,5.159e-05,0,0,0,3.85e-06,0.00061138,0.00667051,7.7e-06,2.079e-05,3.08e-06,5.698e-05,0,0
"90839-086",0.9992,8.8e-07,0,6.96e-06,0,0,0,3.2e-06,0,0,2.4e-07,0,0,3.2e-07,1.6e-07,8.72e-06,7.12e-06,0,0,5.6e-07,2.24e-06,0,0,0,1.12e-06,6.8e-05,0.00068928,1.6e-07,0,1.28e-06,9.76e-06,0,0
"90839-087",0.9976,1.392e-05,0,9.48e-05,0,0,0,4.08e-06,0,0,0,0,2.4e-07,4.8e-07,0,2.928e-05,1.176e-05,0,0,2.16e-06,2.64e-06,0,0,0,5.76e-06,0.0001332,0.00205176,2.4e-07,0,9.6e-07,4.872e-05,0,0
"90839-088",1,0,0,0,0,0,0,0,0,0,0,0,0,0,0,0,0,0,0,0,0,0,0,0,0,0,0,0,0,0,0,0,0
"90839-089",0.1464,0.00034144,0.00017072,0.00606056,0,0,0,0.00025608,0,0,0.00119504,0,0,0,0.00051216,0.00290224,0.0089628,0,0,0.00051216,0.00486552,8.536e-05,0,0,0.00017072,0.0776776,0.73605928,0.00051216,0,0.00187792,0.01058464,0,0.0008536
"90839-090",0.9992,8e-08,1.6e-07,6.16e-06,0,0,0,0,0,0,2.48e-06,0,2.4e-07,0,4.8e-07,8e-07,4.96e-06,0,1.6e-07,7.2e-07,8.08e-06,0,0,0,0,6.992e-05,0.00069336,1.44e-06,0,4.16e-06,6.8e-06,0,0
"90839-091",1,0,0,0,0,0,0,0,0,0,0,0,0,0,0,0,0,0,0,0,0,0,0,0,0,0,0,0,0,0,0,0,0
"90839-092",0.9999,4.1e-07,0,4.99e-06,0,0,0,3.7e-07,0,0,1e-08,0,1e-08,9e-08,0,7.2e-07,8.6e-07,0,1e-08,0,1e-08,0,0,0,5.42e-06,3.46e-06,8.023e-05,3.4e-07,0,2.1e-07,2.86e-06,0,0
"90839-093",1,0,0,0,0,0,0,0,0,0,0,0,0,0,0,0,0,0,0,0,0,0,0,0,0,0,0,0,0,0,0,0,0
"90839-094",0.9343,9.855e-05,0,3.942e-05,0,0,0,4.599e-05,0,0,0.00048618,1.971e-05,9.198e-05,0,0.00015111,0.00010512,7.884e-05,0,4.599e-05,0.00044676,0,5.256e-05,0,0,1.971e-05,0.00535455,0.05719185,0.00090666,0,0.00053874,1.971e-05,0,6.57e-06
"90839-095",1,0,0,0,0,0,0,0,0,0,0,0,0,0,0,0,0,0,0,0,0,0,0,0,0,0,0,0,0,0,0,0,0
"90839-096",1,0,0,0,0,0,0,0,0,0,0,0,0,0,0,0,0,0,0,0,0,0,0,0,0,0,0,0,0,0,0,0,0
"90839-097",1,0,0,0,0,0,0,0,0,0,0,0,0,0,0,0,0,0,0,0,0,0,0,0,0,0,0,0,0,0,0,0,0
"90839-098",1,0,0,0,0,0,0,0,0,0,0,0,0,0,0,0,0,0,0,0,0,0,0,0,0,0,0,0,0,0,0,0,0
"90839-099",0.9984,1.52e-05,3.2e-07,1.072e-05,0,0,0,8e-07,7.84e-06,0,2.24e-06,9.6e-07,4.8e-07,0,0,1.28e-06,4.48e-06,0,8e-07,3.2e-07,2.688e-05,0,0,0,5.76e-06,0.00011488,0.00138304,4.16e-06,0,5.44e-06,1.312e-05,0,1.28e-06
"90839-100",0.9998,1.148e-05,0,7.64e-06,0,0,0,6e-08,4e-07,0,4e-08,0,0,6e-08,0,7.6e-07,1.22e-06,0,2e-08,2.4e-07,9e-07,0,0,0,4.8e-07,9.96e-06,0.00016312,1.2e-07,0,2.6e-07,3.24e-06,0,0
"90839-101",0.9977,1.863e-05,0,2.99e-05,0,0,0,2.07e-06,2.3e-07,0,9.2e-07,2.07e-06,3.45e-06,0,2.3e-07,1.61e-05,9.89e-06,0,5.06e-06,2.76e-06,2.3e-07,0,0,0,2.99e-05,0.00013501,0.00199456,1.104e-05,6.9e-07,7.82e-06,2.852e-05,0,9.2e-07
"90839-102",1,0,0,0,0,0,0,0,0,0,0,0,0,0,0,0,0,0,0,0,0,0,0,0,0,0,0,0,0,0,0,0,0
"90839-103",0.9999,3.4e-07,4.1e-07,2.6e-07,0,0,0,4e-08,3e-08,0,1.4e-07,0,2e-08,0,5e-08,3.2e-07,2.9e-07,0,4e-08,1e-08,2.19e-06,0,0,0,1.2e-07,7.7e-06,8.667e-05,1e-07,1e-08,2.3e-07,9.7e-07,0,6e-08
"90839-104",1,0,0,0,0,0,0,0,0,0,0,0,0,0,0,0,0,0,0,0,0,0,0,0,0,0,0,0,0,0,0,0,0
"90839-105",0.9943,2.85e-06,0,2.508e-05,0,0,0,1.14e-06,0,0,2.28e-06,0,0,0,0,3.705e-05,6.441e-05,0,0,6.84e-06,2.109e-05,0,0,0,7.98e-06,0.00045771,0.00496071,1.311e-05,0,2.85e-06,9.69e-05,0,0
"90839-106",1,0,0,0,0,0,0,0,0,0,0,0,0,0,0,0,0,0,0,0,0,0,0,0,0,0,0,0,0,0,0,0,0
"90839-107",0.9983,5.27e-06,0,2.142e-05,0,0,0,3.4e-07,0,0,0,0,0,5.1e-07,0,2.108e-05,9.69e-06,0,0,4.42e-06,7.82e-06,0,0,0,1.7e-06,0.00012886,0.00146659,6.8e-07,0,2.72e-06,2.89e-05,0,0
"90839-108",0.9981,6.935e-05,0,0.00034618,0,0,0,2.603e-05,0,0,1.9e-07,0,0,5.32e-06,0,2.774e-05,5.814e-05,0,0,1.9e-07,0,0,0,0,6.08e-06,3.192e-05,0.00119149,1.14e-06,0,0,0.00013623,0,0
"90839-109",1,0,0,0,0,0,0,0,0,0,0,0,0,0,0,0,0,0,0,0,0,0,0,0,0,0,0,0,0,0,0,0,0
"90839-110",1,0,0,0,0,0,0,0,0,0,0,0,0,0,0,0,0,0,0,0,0,0,0,0,0,0,0,0,0,0,0,0,0
"90839-111",1,0,0,0,0,0,0,0,0,0,0,0,0,0,0,0,0,0,0,0,0,0,0,0,0,0,0,0,0,0,0,0,0
"90839-112",0.9963,0.00010064,0,0.00024864,0,0,0,2.775e-05,0,0,3.7e-07,0,0,3.7e-07,0,3.552e-05,1.554e-05,0,0,1.85e-06,0,0,0,0,4.551e-05,0.0001147,0.00304325,1.702e-05,0,7.77e-06,4.107e-05,0,0
"90839-113",0.9999,5.2e-07,0,1.91e-06,0,0,0,6e-08,0,0,1.1e-07,0,0,0,6e-08,2.6e-07,1.9e-07,0,2e-08,9e-08,1.1e-07,0,0,0,1e-08,9.14e-06,8.617e-05,8e-08,0,3e-07,8.6e-07,0,1.1e-07
"90839-114",0.9572,0,0,0,4.28e-06,0,4.28e-05,0,0,0,0,0,0,0,0,0,0,0.00205868,0,0,0,0,0.0406814,0,0,0,0,0,0,0,0,0,1.284e-05
"90839-115",0.9998,1.6e-07,2e-08,3.6e-07,0,0,0,0,4e-08,0,2.6e-07,8.6e-07,1e-07,0,2e-07,5.2e-07,2.58e-06,0,3.6e-07,2e-07,2.2e-06,0,0,0,8e-08,1.568e-05,0.00017402,3.8e-07,0,9.6e-07,1.02e-06,0,0
"90839-116",0.9998,6.96e-06,0,6.76e-06,0,0,0,1.048e-05,0,0,3.2e-07,4.4e-07,0,0,1e-07,6.14e-06,3.8e-06,0,1.8e-06,8e-08,2e-08,0,0,0,2.082e-05,4.52e-06,0.00013174,6.8e-07,0,5.4e-07,4.76e-06,0,4e-08
"90839-117",1,0,0,0,0,0,0,0,0,0,0,0,0,0,0,0,0,0,0,0,0,0,0,0,0,0,0,0,0,0,0,0,0
"90839-118",0.9993,3.29e-06,0,6.3e-06,0,0,0,0,0,0,7e-08,0,0,3.78e-06,0,1.022e-05,1.204e-05,0,0,7e-08,9.1e-07,0,0,0,1.05e-06,4.179e-05,0.00059969,4.2e-07,0,5.6e-07,1.981e-05,0,0
"90839-119",1,0,0,0,0,0,0,0,0,0,0,0,0,0,0,0,0,0,0,0,0,0,0,0,0,0,0,0,0,0,0,0,0
"90839-120",1,0,0,0,0,0,0,0,0,0,0,0,0,0,0,0,0,0,0,0,0,0,0,0,0,0,0,0,0,0,0,0,0
"90839-121",0.9986,0.0001358,9.8e-07,6.594e-05,0,0,0,8.26e-06,0,0,0,0,0,0,0,3.416e-05,2.492e-05,0,0,0,2.1e-06,0,0,0,6.72e-06,3.416e-05,0.0009912,2.1e-06,0,2.8e-07,9.338e-05,0,0
"90839-122",0.9995,5.25e-06,5e-08,5.3e-06,0,0,0,5e-08,0,0,0,0,0,1e-07,0,1.85e-06,9.55e-06,0,5e-08,5e-07,1.35e-06,0,0,0,1.65e-06,3.34e-05,0.00043035,9.5e-07,0,4.5e-07,8.75e-06,0,4e-07
"90839-123",0.798,0.0054944,0,0.0040804,0,0,0,0.001515,6.06e-05,0,0,0,0,0.0002424,0,0.001717,0.00303,0,0,4.04e-05,0.0001616,0,0,0,0.0022422,0.006262,0.1712354,0.0002828,0,8.08e-05,0.005555,0,0
"90839-124",0.999,2.55e-05,1e-07,8.13e-05,0,0,0,1e-07,0,0,1e-07,0,0,5e-07,0,7.2e-06,2.81e-05,0,0,5e-07,1.3e-06,0,0,0,2.4e-06,3.52e-05,0.000799,1.3e-06,0,1.4e-06,1.6e-05,0,0
"90839-125",1,0,0,0,0,0,0,0,0,0,0,0,0,0,0,0,0,0,0,0,0,0,0,0,0,0,0,0,0,0,0,0,0
"90839-126",1,0,0,0,0,0,0,0,0,0,0,0,0,0,0,0,0,0,0,0,0,0,0,0,0,0,0,0,0,0,0,0,0
"90839-127",1,0,0,0,0,0,0,0,0,0,0,0,0,0,0,0,0,0,0,0,0,0,0,0,0,0,0,0,0,0,0,0,0
"90839-128",0.9988,7.2e-06,2.4e-07,1.284e-05,0,0,0,0,0,0,2.76e-06,6e-07,1.32e-06,0,6e-07,9.6e-07,9.6e-07,0,1.08e-06,7.08e-06,2.52e-06,0,0,0,1.2e-06,8.664e-05,0.00104184,1.128e-05,0,1.836e-05,2.52e-06,0,0
"90839-129",1,0,0,0,0,0,0,0,0,0,0,0,0,0,0,0,0,0,0,0,0,0,0,0,0,0,0,0,0,0,0,0,0
"90839-130",0.9989,7.7e-07,2.2e-07,1.441e-05,0,0,0,1.54e-06,0,0,3.3e-07,0,0,1.1e-07,9.9e-07,1.617e-05,8.47e-06,0,0,1.1e-07,6.71e-06,0,0,0,2.64e-06,8.36e-05,0.0009515,5.5e-07,0,6.6e-07,1.078e-05,0,4.4e-07
"90839-131",1,0,0,0,0,0,0,0,0,0,0,0,0,0,0,0,0,0,0,0,0,0,0,0,0,0,0,0,0,0,0,0,0
"90839-132",0.9998,4e-08,2e-08,1.42e-06,0,0,0,0,0,0,2.4e-07,1.22e-06,4e-07,0,4e-08,7.2e-07,6.4e-07,0,9.2e-07,4.4e-07,2.56e-06,0,0,0,8e-08,1.52e-05,0.00017318,3e-07,2.4e-07,6.6e-07,1.68e-06,0,0
"90839-133",1,0,0,0,0,0,0,0,0,0,0,0,0,0,0,0,0,0,0,0,0,0,0,0,0,0,0,0,0,0,0,0,0
"90839-134",1,0,0,0,0,0,0,0,0,0,0,0,0,0,0,0,0,0,0,0,0,0,0,0,0,0,0,0,0,0,0,0,0
"90839-135",1,0,0,0,0,0,0,0,0,0,0,0,0,0,0,0,0,0,0,0,0,0,0,0,0,0,0,0,0,0,0,0,0
"90839-136",0.9999,4.1e-07,2e-08,3.9e-07,0,0,0,1e-07,0,0,1e-07,0,0,1e-08,0,9.7e-07,4.4e-07,0,8e-08,5.4e-07,1.27e-06,0,0,0,4.1e-07,6.14e-06,8.685e-05,4.8e-07,0,7.6e-07,1.01e-06,0,2e-08
"90839-137",1,0,0,0,0,0,0,0,0,0,0,0,0,0,0,0,0,0,0,0,0,0,0,0,0,0,0,0,0,0,0,0,0
"90839-138",0.9739,0.00022446,1.044e-05,0.00042021,0,0,0,1.566e-05,2.349e-05,0,0,0,0,1.305e-05,0,0.00018531,0.00028188,0,0,0,0.00032103,0,0,0,0.00018009,0.00130239,0.02249037,3.393e-05,0,1.566e-05,0.00058203,0,0
"90839-139",1,0,0,0,0,0,0,0,0,0,0,0,0,0,0,0,0,0,0,0,0,0,0,0,0,0,0,0,0,0,0,0,0
"90839-140",1,0,0,0,0,0,0,0,0,0,0,0,0,0,0,0,0,0,0,0,0,0,0,0,0,0,0,0,0,0,0,0,0
"90839-141",0.9959,0.00030381,0,0.00010578,0,0,0,9.43e-06,0,0,0,0,0,8.2e-07,0,3.485e-05,1.476e-05,0,4.1e-07,6.15e-06,1.64e-06,0,0,0,1.394e-05,0.00016605,0.00337512,7.38e-06,0,6.15e-06,5.371e-05,0,0
"90839-142",1,0,0,0,0,0,0,0,0,0,0,0,0,0,0,0,0,0,0,0,0,0,0,0,0,0,0,0,0,0,0,0,0
"90839-143",1,0,0,0,0,0,0,0,0,0,0,0,0,0,0,0,0,0,0,0,0,0,0,0,0,0,0,0,0,0,0,0,0
"90839-144",0.9999,7.3e-07,0,1.63e-06,0,0,0,0,0,0,1.1e-07,0,0,4e-08,9e-08,3.8e-07,1.44e-06,0,0,1e-08,2e-07,0,0,0,1.4e-07,6.8e-06,8.681e-05,3e-08,0,1.7e-07,1.42e-06,0,0
"90839-145",0.9999,0,0,1.9e-07,0,0,0,0,0,0,2.5e-07,1.1e-07,4e-08,1e-08,1.3e-07,1.26e-06,2.6e-07,0,5e-08,3.1e-07,8.2e-07,0,0,0,2e-08,8.28e-06,8.669e-05,2.1e-07,0,8.2e-07,5.5e-07,0,0
"90839-146",1,0,0,0,0,0,0,0,0,0,0,0,0,0,0,0,0,0,0,0,0,0,0,0,0,0,0,0,0,0,0,0,0
"90839-147",1,0,0,0,0,0,0,0,0,0,0,0,0,0,0,0,0,0,0,0,0,0,0,0,0,0,0,0,0,0,0,0,0
"90839-148",0.9998,9.4e-07,2e-08,2.36e-06,0,0,0,0,2e-08,0,1.2e-07,3.5e-06,1.4e-07,0,8e-08,8.8e-07,7.4e-07,0,4e-08,1e-07,5.4e-07,0,0,0,1.8e-07,1.472e-05,0.00017308,2e-07,4e-08,8.6e-07,1.42e-06,0,2e-08
"90839-149",1,0,0,0,0,0,0,0,0,0,0,0,0,0,0,0,0,0,0,0,0,0,0,0,0,0,0,0,0,0,0,0,0
"90839-150",0.9998,1.8e-07,0,1.32e-06,0,0,0,1e-07,0,0,1.2e-07,2e-08,0,4e-08,1e-07,1.16e-06,2.1e-06,0,0,2.6e-07,1.7e-06,0,0,0,2e-08,1.566e-05,0.00017336,8e-08,0,1.4e-07,3.62e-06,0,2e-08
"90839-151",1,0,0,0,0,0,0,0,0,0,0,0,0,0,0,0,0,0,0,0,0,0,0,0,0,0,0,0,0,0,0,0,0
"90839-152",0.9995,4.85e-06,5e-08,7.45e-06,0,0,0,2e-07,0,0,2e-07,5e-08,0,2e-07,3.5e-07,1.9e-06,1.7e-06,0,1.5e-07,1.55e-06,3.5e-06,5e-08,0,0,6e-07,3.975e-05,0.00043145,2e-07,0,2.95e-06,2.8e-06,0,5e-08
"90839-153",1,0,0,0,0,0,0,0,0,0,0,0,0,0,0,0,0,0,0,0,0,0,0,0,0,0,0,0,0,0,0,0,0
"90839-154",0.9998,5.4e-07,0,6.58e-06,0,0,0,1.4e-07,0,0,2.2e-07,2e-08,8e-08,0,2e-08,6.8e-07,1.2e-06,0,2.2e-07,1.2e-07,4e-07,0,0,0,1.94e-06,1.276e-05,0.00017204,7e-07,0,4.2e-07,1.92e-06,0,0
"90839-155",0.9997,1.02e-06,0,2.55e-06,0,0,0,0,0,0,1.2e-07,0,0,8.7e-07,0,1.77e-06,3.09e-06,0,0,1.2e-07,3e-07,0,0,0,1.59e-06,1.644e-05,0.00025437,4.5e-07,0,3e-07,1.701e-05,0,0
"90839-156",1,0,0,0,0,0,0,0,0,0,0,0,0,0,0,0,0,0,0,0,0,0,0,0,0,0,0,0,0,0,0,0,0
"90839-157",1,0,0,0,0,0,0,0,0,0,0,0,0,0,0,0,0,0,0,0,0,0,0,0,0,0,0,0,0,0,0,0,0
"90839-158",0.9994,6e-07,0,5.64e-06,0,0,0,0,0,0,9.6e-07,3.6e-07,1.8e-07,0,3e-07,5.28e-06,4.56e-06,0,0,1.8e-07,1.8e-06,0,0,0,1.98e-06,4.938e-05,0.00052026,1.44e-06,6e-08,1.14e-06,5.28e-06,0,6e-07
"90839-159",1,0,0,0,0,0,0,0,0,0,0,0,0,0,0,0,0,0,0,0,0,0,0,0,0,0,0,0,0,0,0,0,0
"90839-160",0.9999,4.7e-07,0,5.5e-07,0,0,0,5.5e-07,0,0,1e-08,0,1e-08,6e-08,2e-08,8.4e-07,3.4e-07,0,0,1e-08,7e-08,0,0,0,1.7e-07,9.35e-06,8.453e-05,1e-07,0,8e-08,2.84e-06,0,0
"90839-161",1,0,0,0,0,0,0,0,0,0,0,0,0,0,0,0,0,0,0,0,0,0,0,0,0,0,0,0,0,0,0,0,0
"90839-162",1,0,0,0,0,0,0,0,0,0,0,0,0,0,0,0,0,0,0,0,0,0,0,0,0,0,0,0,0,0,0,0,0
"90839-163",1,0,0,0,0,0,0,0,0,0,0,0,0,0,0,0,0,0,0,0,0,0,0,0,0,0,0,0,0,0,0,0,0
"90839-164",0.9537,6.945e-05,0,0.00043059,0,0,0,0.00038892,0,0,9.26e-06,0,0,0.00014816,9.26e-06,0.00043985,0.00139363,0,0,4.63e-06,4.63e-05,0,0,0,6.945e-05,0.00264836,0.03938741,0,0,1.389e-05,0.00123621,0,4.63e-06
"90839-165",1,0,0,0,0,0,0,0,0,0,0,0,0,0,0,0,0,0,0,0,0,0,0,0,0,0,0,0,0,0,0,0,0
"90839-166",1,0,0,0,0,0,0,0,0,0,0,0,0,0,0,0,0,0,0,0,0,0,0,0,0,0,0,0,0,0,0,0,0
"90839-167",0.9999,2.6e-07,0,5.9e-07,0,0,0,1.2e-07,1e-08,0,3e-08,6e-08,1e-08,0,0,1.53e-06,7.8e-07,0,1e-08,1.7e-07,4.6e-07,0,0,0,7e-08,7.27e-06,8.668e-05,2.7e-07,0,2.2e-07,1.46e-06,0,0
"90839-168",1,0,0,0,0,0,0,0,0,0,0,0,0,0,0,0,0,0,0,0,0,0,0,0,0,0,0,0,0,0,0,0,0
"90839-169",0.9999,3.4e-07,0,3.04e-06,0,0,0,6e-08,1e-08,0,5e-08,1e-08,2e-08,2e-08,7e-08,3.2e-07,3.5e-07,0,3e-08,1e-08,8.7e-07,0,0,0,7e-08,7.55e-06,8.571e-05,0,1e-08,6e-08,1.39e-06,0,1e-08
"90839-170",0.9691,6.489e-05,1.545e-05,0.00045732,0,0,0,3.09e-06,0,0,2.163e-05,1.545e-05,2.163e-05,0,0,0.00016068,0.00011742,0,3.09e-06,8.343e-05,0.00019158,0,0,3.09e-06,2.163e-05,0.00245037,0.02671923,7.416e-05,9.27e-06,0.00012669,0.00026265,0,7.725e-05
"90839-171",0.998,4.8e-06,5e-06,1.04e-05,0,0,0,2.4e-06,0,0,2e-06,0,0,2e-07,2e-07,1.74e-05,7.8e-06,0,2e-07,2.4e-06,2.2e-05,0,0,0,2e-06,0.000155,0.001734,8.2e-06,0,7.4e-06,1.86e-05,0,0
"90839-172",0.9999,2.82e-06,0,6.12e-06,0,0,0,2e-08,1e-08,0,0,4e-08,0,1.9e-07,0,9.6e-07,1.63e-06,0,0,4e-08,1.7e-07,0,0,0,1.4e-07,3.84e-06,7.936e-05,0,0,4e-08,4.62e-06,0,0
"90839-173",1,0,0,0,0,0,0,0,0,0,0,0,0,0,0,0,0,0,0,0,0,0,0,0,0,0,0,0,0,0,0,0,0
"90839-174",1,0,0,0,0,0,0,0,0,0,0,0,0,0,0,0,0,0,0,0,0,0,0,0,0,0,0,0,0,0,0,0,0
"90839-175",0.9993,4.9e-07,2.8e-07,7.7e-07,0,0,0,1.4e-07,0,0,3.36e-06,0,0,0,3.5e-07,2.1e-06,6.58e-06,0,0,1.33e-06,7.07e-06,7e-08,0,0,2.8e-07,5.978e-05,0.00060858,2.24e-06,0,4.83e-06,4.2e-07,0,1.33e-06
"90839-176",1,0,0,0,0,0,0,0,0,0,0,0,0,0,0,0,0,0,0,0,0,0,0,0,0,0,0,0,0,0,0,0,0
"90839-177",1,0,0,0,0,0,0,0,0,0,0,0,0,0,0,0,0,0,0,0,0,0,0,0,0,0,0,0,0,0,0,0,0
"90839-178",1,0,0,0,0,0,0,0,0,0,0,0,0,0,0,0,0,0,0,0,0,0,0,0,0,0,0,0,0,0,0,0,0
"90839-179",1,0,0,0,0,0,0,0,0,0,0,0,0,0,0,0,0,0,0,0,0,0,0,0,0,0,0,0,0,0,0,0,0
"90839-180",0.9999,7.6e-07,0,3.01e-06,0,0,0,3e-08,0,0,1e-08,0,2e-08,0,0,7.8e-07,8.5e-07,0,1e-08,3e-08,4.5e-07,0,0,0,3.6e-07,6.83e-06,8.608e-05,5e-08,1e-08,4e-08,6.8e-07,0,0
"90839-181",1,0,0,0,0,0,0,0,0,0,0,0,0,0,0,0,0,0,0,0,0,0,0,0,0,0,0,0,0,0,0,0,0
"90839-182",0.9839,5.796e-05,0,0.00016744,0,0,0,8.05e-05,3.22e-06,0,1.127e-05,0,1.61e-06,0,1.61e-06,0.00010787,9.66e-05,0,0,5.474e-05,8.694e-05,0,0,0,2.898e-05,0.00138299,0.01381702,9.66e-06,0,6.44e-05,0.00012719,0,0
"90839-183",1,0,0,0,0,0,0,0,0,0,0,0,0,0,0,0,0,0,0,0,0,0,0,0,0,0,0,0,0,0,0,0,0
"90839-184",1,0,0,0,0,0,0,0,0,0,0,0,0,0,0,0,0,0,0,0,0,0,0,0,0,0,0,0,0,0,0,0,0
"90839-185",0.9998,6.4e-07,0,8.2e-07,0,0,0,2e-08,0,0,2e-08,2e-08,2e-08,4e-08,0,3.1e-06,4.74e-06,0,2e-08,4e-08,5e-07,0,0,0,5.4e-07,1.422e-05,0.00017056,1.8e-07,0,1.2e-07,4.32e-06,0,8e-08
"90839-186",0.9924,0,0,0,7.6e-07,0,1.14e-05,0,0,0,0,0,0,0,7.6e-07,0,0,0.0008512,0,0,0,0,0.00673284,0,0,0,0,0,0,0,0,0,3.04e-06
"90839-187",0.9989,2.75e-06,1.1e-07,1.287e-05,0,0,0,0,0,0,2.2e-07,0,0,1.1e-07,0,8.8e-06,6.6e-06,0,0,1.43e-06,1.54e-06,0,0,0,1.21e-06,6.754e-05,0.00094996,6.49e-06,0,1.98e-06,3.817e-05,0,2.2e-07
"90839-188",0.9994,7.86e-06,1.2e-07,1.92e-05,0,0,0,2.742e-05,0,0,0,0,0,0,0,2.376e-05,6.18e-06,0,0,0,7.32e-06,0,0,0,2.46e-06,2.346e-05,0.00047106,0,0,6e-08,1.11e-05,0,0
"90839-189",0.9491,0.00017306,6.108e-05,0.0004581,0,0,0,0,0,0,6.108e-05,0,0,0,5.09e-06,9.162e-05,0.00011198,0,0,0.00018833,0.00057008,5.09e-06,0,0,5.09e-06,0.00344593,0.04440516,0.00036139,0,0.00034103,0.00061589,0,0
"90839-190",1,0,0,0,0,0,0,0,0,0,0,0,0,0,0,0,0,0,0,0,0,0,0,0,0,0,0,0,0,0,0,0,0
"90839-191",1,0,0,0,0,0,0,0,0,0,0,0,0,0,0,0,0,0,0,0,0,0,0,0,0,0,0,0,0,0,0,0,0
"90839-192",1,0,0,0,0,0,0,0,0,0,0,0,0,0,0,0,0,0,0,0,0,0,0,0,0,0,0,0,0,0,0,0,0
"90839-193",0.998,9.4e-06,0,4.32e-05,0,0,0,2e-06,0,0,6e-07,0,0,2e-06,1e-06,1.24e-05,2.68e-05,0,0,0,6e-07,0,0,0,1e-06,0.0001256,0.0017312,2e-06,0,6e-07,4.16e-05,0,0
"90839-194",0.9634,0.00013542,1.464e-05,0.00037332,0,0,0,8.784e-05,0,0,7.32e-06,3.66e-06,7.32e-06,0,2.562e-05,0.0003111,0.00044652,0,0,1.83e-05,0.0002379,0,0,0,1.83e-05,0.0028182,0.0316773,2.196e-05,0,1.464e-05,0.00037332,0,7.32e-06
"90839-195",1,0,0,0,0,0,0,0,0,0,0,0,0,0,0,0,0,0,0,0,0,0,0,0,0,0,0,0,0,0,0,0,0
"90839-196",0.9997,1.17e-06,9e-08,3.33e-06,0,0,0,4.5e-07,0,0,9e-08,0,6e-08,0,3e-08,1.98e-06,1.92e-06,0,3e-08,1.8e-07,2.04e-06,0,0,0,5.4e-07,2.511e-05,0.00025971,1.14e-06,0,5.1e-07,1.62e-06,0,0
"90839-197",0.9994,4.32e-06,0,1.014e-05,0,0,0,2.01e-05,3e-07,0,0,1.2e-07,6e-08,0,6e-08,3.9e-06,6.96e-06,0,0,0,1.38e-06,0,0,0,3.48e-06,3.06e-05,0.00051108,3.6e-07,0,3e-07,6.84e-06,0,0
"90839-198",0.9998,2.14e-06,0,2.5e-06,0,0,0,0,2e-08,0,2e-08,0,0,0,0,1.36e-06,8e-07,0,0,2e-07,8.4e-07,0,0,0,3.4e-07,1.658e-05,0.00017238,8.8e-07,0,3.4e-07,1.54e-06,0,6e-08
"90839-200",0.9025,0,0,0,2.925e-05,0,2.925e-05,0,0,0,0,0,0,0,0,0,0,0.01371825,0,0,0,0,0.08366475,0,0,0,0,0,0,0,0,9.75e-06,4.875e-05
"90839-201",0.9915,0,0,0,8.5e-07,0,9.35e-06,0,0,0,0,0,0,0,0,0,0,0.0004607,0,0,0,0,0.0080257,0,0,0,0,0,0,0,0,0,3.4e-06
"90839-202",1,0,0,0,0,0,0,0,0,0,0,0,0,0,0,0,0,0,0,0,0,0,0,0,0,0,0,0,0,0,0,0,0
"90839-203",1,0,0,0,0,0,0,0,0,0,0,0,0,0,0,0,0,0,0,0,0,0,0,0,0,0,0,0,0,0,0,0,0
"90839-204",1,0,0,0,0,0,0,0,0,0,0,0,0,0,0,0,0,0,0,0,0,0,0,0,0,0,0,0,0,0,0,0,0
"90839-205",0.8617,0.00058086,0,0.00091278,0,0,0,0.00049788,5.532e-05,0,2.766e-05,0,0,0,1.383e-05,0.00116172,0.00107874,0,0,0.00015213,0.00031809,0,0,0,0.0002766,0.01069059,0.11967099,9.681e-05,0,0.0001383,0.0026277,0,0
"90839-207",0.9818,6.188e-05,0,0.00025116,0,0,0,2.73e-05,0,0,5.46e-06,0,0,3.64e-05,0,0.00032578,0.00026754,0,0,0,4.55e-05,0,0,0,5.824e-05,0.0010647,0.01563562,9.1e-06,0,7.28e-06,0.00040404,0,0
"90839-208",1,0,0,0,0,0,0,0,0,0,0,0,0,0,0,0,0,0,0,0,0,0,0,0,0,0,0,0,0,0,0,0,0
"90839-209",1,0,0,0,0,0,0,0,0,0,0,0,0,0,0,0,0,0,0,0,0,0,0,0,0,0,0,0,0,0,0,0,0
"90839-210",0.9943,3.42e-06,1.71e-06,5.7e-06,0,0,0,0,0,0,9.69e-06,5.7e-07,1.71e-06,0,1.14e-05,0,5.13e-06,5.7e-07,2.85e-06,4.332e-05,6.783e-05,5.7e-07,1.71e-06,0,5.7e-07,0.00048963,0.00495387,1.938e-05,0,3.705e-05,1.197e-05,0,3.135e-05
"90839-211",0.9881,2.023e-05,0,0.00018326,0,0,0,2.38e-06,0,0,1.19e-06,0,1.19e-06,1.071e-05,4.76e-06,0.00018921,5.95e-05,0,0,9.52e-06,3.808e-05,0,0,0,1.071e-05,0.00083895,0.01027803,4.76e-06,0,8.33e-06,0.00023919,0,0
"90839-212",0.9995,3.15e-06,0,1.235e-05,0,0,0,1.55e-06,1.5e-07,0,5e-08,5e-08,0,1e-07,0,2.8e-06,4e-06,0,0,0,3.4e-06,0,0,0,2.3e-06,2.415e-05,0.00043085,5e-07,0,2.5e-07,1.435e-05,0,0
"90839-214",0.9999,9e-08,0,7.4e-07,0,0,0,1.2e-07,0,0,1e-08,1e-08,0,9e-08,0,2.26e-06,4.49e-06,0,0,0,3e-08,0,0,0,4.6e-07,2.95e-06,8.383e-05,2e-08,0,1e-08,4.89e-06,0,0
"90839-215",0.9888,3.024e-05,1.12e-06,1.008e-05,0,0,0,0,0,0,6.496e-05,0,0,0,3.024e-05,5.6e-06,5.6e-06,0,8.96e-06,0.0001064,1.12e-05,5.6e-06,0,0,2.016e-05,0.00090944,0.00975632,8.512e-05,0,0.00012656,1.792e-05,0,4.48e-06
"90839-216",0.9992,2.56e-06,0,0.00010944,0,0,0,1.28e-06,0,0,0,0,0,7.2e-07,0,7.008e-05,8e-06,0,0,0,1.28e-06,0,0,0,8.8e-07,2.456e-05,0.00056088,8e-08,0,0,2.024e-05,0,0
"90839-217",0.9996,2.8e-07,0,2e-07,0,0,0,7.6e-07,0,0,2e-07,0,0,0,1.6e-07,4.32e-06,5.68e-06,0,0,1.96e-06,1.2e-07,0,0,0,7.6e-07,3.416e-05,0.0003428,1.32e-06,0,1.76e-06,5.16e-06,0,3.6e-07
"90839-218",1,0,0,0,0,0,0,0,0,0,0,0,0,0,0,0,0,0,0,0,0,0,0,0,0,0,0,0,0,0,0,0,0
"90839-219",0.9999,0,0,0,1e-08,0,6e-08,0,0,0,0,0,0,0,1e-08,0,0,5.38e-06,0,0,0,0,9.324e-05,0,0,0,0,0,0,0,0,0,1.3e-06
"90839-220",1,0,0,0,0,0,0,0,0,0,0,0,0,0,0,0,0,0,0,0,0,0,0,0,0,0,0,0,0,0,0,0,0
"90839-221",0.992,3.28e-05,0,0.000144,0,0,0,0,2.4e-06,0,4.8e-06,0,0,0,0,9.04e-05,4.96e-05,0,2.4e-06,1.2e-05,5.76e-05,0,0,0,8e-06,0.0005768,0.0069352,2.64e-05,0,1.92e-05,3.68e-05,0,1.6e-06
"90839-222",0.9999,4.1e-07,0,5.7e-07,0,0,0,0,0,0,1e-08,2e-08,1e-08,0,1e-08,1.22e-06,1.33e-06,0,2e-08,6e-08,4.5e-07,0,0,0,1.5e-07,7.21e-06,8.614e-05,1.1e-07,0,3e-08,2.22e-06,0,3e-08
"90839-223",1,0,0,0,0,0,0,0,0,0,0,0,0,0,0,0,0,0,0,0,0,0,0,0,0,0,0,0,0,0,0,0,0
"90839-224",0.9975,8e-06,0,3.675e-05,0,0,0,0,0,0,2.5e-07,2.5e-07,0,0,2e-06,1.825e-05,1.375e-05,0,0,5e-07,1.35e-05,0,0,0,5e-06,0.00020075,0.00216275,2.75e-06,0,1.25e-06,3.275e-05,0,1.5e-06
"90839-225",0.9995,2.3e-06,5e-08,3.05e-06,0,0,0,6.5e-07,0,0,2.75e-06,0,1.5e-07,0,2.3e-06,1.7e-06,1.25e-06,0,9e-07,1.25e-06,5e-08,0,0,0,1.1e-06,4.285e-05,0.0004331,1.3e-06,0,3.45e-06,1.75e-06,0,5e-08
"90839-226",0.9933,2.412e-05,0,7.772e-05,0,0,0,0,0,0,2.01e-06,0,1.34e-06,0,2.01e-06,4.489e-05,7.37e-05,2.01e-06,6.7e-07,3.35e-06,2.479e-05,6.7e-07,2.01e-06,0,3.35e-06,0.00057486,0.00577272,2.01e-06,0,1.139e-05,5.896e-05,0,1.742e-05
"90839-227",1,0,0,0,0,0,0,0,0,0,0,0,0,0,0,0,0,0,0,0,0,0,0,0,0,0,0,0,0,0,0,0,0
"90839-228",1,0,0,0,0,0,0,0,0,0,0,0,0,0,0,0,0,0,0,0,0,0,0,0,0,0,0,0,0,0,0,0,0
"90839-229",1,0,0,0,0,0,0,0,0,0,0,0,0,0,0,0,0,0,0,0,0,0,0,0,0,0,0,0,0,0,0,0,0
"90839-230",1,0,0,0,0,0,0,0,0,0,0,0,0,0,0,0,0,0,0,0,0,0,0,0,0,0,0,0,0,0,0,0,0
"90839-231",1,0,0,0,0,0,0,0,0,0,0,0,0,0,0,0,0,0,0,0,0,0,0,0,0,0,0,0,0,0,0,0,0
"90839-233",1,0,0,0,0,0,0,0,0,0,0,0,0,0,0,0,0,0,0,0,0,0,0,0,0,0,0,0,0,0,0,0,0
"90839-234",0.9999,9.8e-07,0,7.17e-06,0,0,0,1.4e-07,0,0,0,0,0,2.8e-07,0,1.48e-06,3.17e-06,0,0,0,8e-08,0,0,0,1.54e-06,1.7e-06,7.519e-05,1e-08,0,1e-08,8.25e-06,0,0
"90839-236",0.9865,0,0,0,1.35e-06,0,6.75e-06,0,0,0,0,0,0,0,0,0,0,0.00188865,0,0,0,0,0.01159515,0,0,1.35e-06,0,0,0,0,0,0,6.75e-06
"90839-237",0.1163,0.00185577,0,0.01228343,0,0,0,0,0,0,0.00114881,0,0,0,0.00026511,0.00415339,0.00212088,0,8.837e-05,0.00433013,0.00097207,0.00026511,0,0,8.837e-05,0.06777979,0.76846552,0.00494872,0,0.00680449,0.00627427,0,0.00185577
"90839-238",0.9985,0,0,0,4.5e-07,0,7.5e-07,0,0,0,0,0,0,0,0,0,0,0.0001299,0,0,0,0,0.0013683,0,0,0,0,0,0,0,0,0,6e-07
"90839-239",0.9999,0,0,0,1e-08,0,9e-08,0,0,0,0,0,0,0,0,0,0,1.492e-05,0,0,0,3e-08,8.49e-05,1e-08,0,0,0,0,0,0,0,0,4e-08
"90839-240",0.9334,3.996e-05,0,0.00041292,0,0,0,0.0001332,0,0,0.00011322,1.332e-05,0,0,6.66e-06,0.00035298,0.00068598,0,0,2.664e-05,6.66e-05,2.664e-05,0,0,0.00017316,0.00448884,0.05800194,0.00047952,0,0.00010656,0.00137862,0,9.324e-05
"90839-241",0.9969,2.573e-05,0,2.387e-05,0,0,0,6.2e-07,0,0,3.1e-07,0,0,6.2e-07,0,2.79e-05,2.294e-05,0,0,1.395e-05,4.34e-06,0,0,0,7.13e-06,0.00023064,0.00267468,4.96e-06,0,5.58e-06,5.642e-05,0,3.1e-07
"90839-242",1,0,0,0,0,0,0,0,0,0,0,0,0,0,0,0,0,0,0,0,0,0,0,0,0,0,0,0,0,0,0,0,0
"90839-243",0.9999,4.2e-07,0,1.04e-06,0,0,0,3e-08,7e-08,0,6e-08,1e-08,1e-08,0,4e-08,1.08e-06,5.9e-07,0,2e-08,1.1e-07,8.4e-07,0,0,0,4.6e-07,7.01e-06,8.651e-05,2e-07,0,2.2e-07,1.26e-06,0,2e-08
"90839-244",0.9999,0,0,0,1e-08,0,8e-08,0,0,0,0,0,0,0,0,0,0,1.144e-05,0,0,0,0,8.844e-05,0,0,0,0,0,0,0,0,0,3e-08
"90839-245",0.9996,0,2.4e-07,0,0,0,0,0,0,0,1.88e-06,0,4e-08,0,1.24e-06,8.8e-07,3.6e-07,0,1.56e-06,2.84e-06,2.52e-06,4.8e-07,0,8e-08,0,3.668e-05,0.00034356,1.6e-06,0,3.32e-06,1.6e-07,0,2.56e-06
"90839-246",0.9966,6.46e-05,2.04e-06,5.576e-05,0,0,0,4.76e-06,0,0,1.7e-06,0,6.8e-07,3.4e-07,0,7.82e-06,5.1e-06,0,3.4e-07,1.462e-05,5.1e-06,0,0,0,5.78e-06,0.0001666,0.00296786,3.638e-05,0,1.938e-05,4.08e-05,0,3.4e-07
"90839-247",1,0,0,0,0,0,0,0,0,0,0,0,0,0,0,0,0,0,0,0,0,0,0,0,0,0,0,0,0,0,0,0,0
"90839-248",0.9992,8.8e-07,0,7.2e-07,0,0,0,8e-08,0,0,4.8e-07,0,0,1.92e-06,0,1.6e-05,2.456e-05,0,0,1.6e-07,8e-08,8e-08,0,0,3.52e-06,5.368e-05,0.00061952,3.68e-06,0,1.52e-06,7.312e-05,0,0
"90839-250",0.9999,0,0,0,1e-08,0,9e-08,0,0,1e-08,0,0,0,0,0,0,0,1.445e-05,0,0,0,0,8.541e-05,0,0,0,0,0,0,0,0,0,3e-08
"90839-251",1,0,0,0,0,0,0,0,0,0,0,0,0,0,0,0,0,0,0,0,0,0,0,0,0,0,0,0,0,0,0,0,0
"90839-252",1,0,0,0,0,0,0,0,0,0,0,0,0,0,0,0,0,0,0,0,0,0,0,0,0,0,0,0,0,0,0,0,0
"90839-253",1,0,0,0,0,0,0,0,0,0,0,0,0,0,0,0,0,0,0,0,0,0,0,0,0,0,0,0,0,0,0,0,0
"90839-254",0.9936,0,0,0,0,0,2.24e-05,0,0,0,0,0,0,0,0,0,0,0.00101312,0,0,0,1.28e-06,0.00534208,0,0,6.4e-07,1.152e-05,0,0,0,0,0,8.96e-06
"90839-255",0.9995,0,0,0,5e-08,0,9.5e-07,0,0,5e-08,0,0,0,0,0,0,0,6.62e-05,0,0,0,0,0.00043255,0,0,0,0,0,0,0,0,0,2e-07
"90839-256",1,0,0,0,0,0,0,0,0,0,0,0,0,0,0,0,0,0,0,0,0,0,0,0,0,0,0,0,0,0,0,0,0
"90839-257",0.9995,0,0,0,1e-07,0,3e-07,0,0,0,0,0,0,0,0,0,0,6.75e-05,0,0,0,0,0.00043195,0,0,0,0,0,0,0,0,0,1.5e-07
"90839-258",0.9912,0,0,0,0,0,9.768e-05,0,0,0,0,0,0,0,0,0,0,0.00030976,0,0,0,0,0.00733304,0,0,4.4e-06,6.16e-06,0,0,0,0,0,0.00104896
"90839-260",0.9956,0,0,0,4.4e-07,0,3.52e-06,0,0,0,0,0,0,0,0,0,0,0.00019756,0,0,0,0,0.0041976,0,0,0,0,0,0,0,0,4.4e-07,4.4e-07
"90839-261",1,0,0,0,0,0,0,0,0,0,0,0,0,0,0,0,0,0,0,0,0,0,0,0,0,0,0,0,0,0,0,0,0
"90839-262",1,0,0,0,0,0,0,0,0,0,0,0,0,0,0,0,0,0,0,0,0,0,0,0,0,0,0,0,0,0,0,0,0
"90839-263",0.4321,0,0,0,5.679e-05,0,0.00045432,0,0,0,0,0,0,0,0,0,0,0.05139495,0,0,0,0,0.51576678,5.679e-05,0,0,0,0,0,0,0,0,0.00017037
"90839-264",1,0,0,0,0,0,0,0,0,0,0,0,0,0,0,0,0,0,0,0,0,0,0,0,0,0,0,0,0,0,0,0,0
"90839-265",1,0,0,0,0,0,0,0,0,0,0,0,0,0,0,0,0,0,0,0,0,0,0,0,0,0,0,0,0,0,0,0,0
"90839-266",1,0,0,0,0,0,0,0,0,0,0,0,0,0,0,0,0,0,0,0,0,0,0,0,0,0,0,0,0,0,0,0,0
"90839-267",1,0,0,0,0,0,0,0,0,0,0,0,0,0,0,0,0,0,0,0,0,0,0,0,0,0,0,0,0,0,0,0,0
"90839-268",0.869,0,0,0,1.31e-05,0,0.0002227,0,0,0,0,0,0,0,0,0,0,0.0182614,0,0,0,0,0.1124111,0,0,0,0,0,0,0,0,0,9.17e-05
"90839-269",1,0,0,0,0,0,0,0,0,0,0,0,0,0,0,0,0,0,0,0,0,0,0,0,0,0,0,0,0,0,0,0,0
"90839-270",1,0,0,0,0,0,0,0,0,0,0,0,0,0,0,0,0,0,0,0,0,0,0,0,0,0,0,0,0,0,0,0,0
"90839-271",0.9995,0,0,0,5e-08,0,4e-07,0,0,5e-08,0,0,0,0,0,0,0,7.255e-05,0,0,0,0,0.00042685,0,0,0,0,0,0,0,0,0,1e-07
"90839-272",0.9991,0,0,0,2.7e-07,0,9e-08,0,0,0,0,0,0,0,0,0,0,0.00015471,0,0,0,0,0.00074223,9e-08,0,0,0,0,0,0,0,0,2.61e-06
"90839-273",0.9999,0,0,0,1e-08,0,1e-07,0,0,0,0,0,0,0,0,0,0,9.03e-06,0,0,0,0,9.084e-05,0,0,0,0,0,0,0,0,0,2e-08
"90839-274",1,0,0,0,0,0,0,0,0,0,0,0,0,0,0,0,0,0,0,0,0,0,0,0,0,0,0,0,0,0,0,0,0
"90839-275",0.9999,4.47e-06,8e-08,2.33e-06,0,0,0,4.8e-07,0,0,2e-08,1e-08,0,9e-08,0,2.8e-07,4.7e-07,0,1e-08,4e-08,7e-08,0,0,0,7.3e-07,3.11e-06,8.469e-05,1.3e-07,0,3.3e-07,2.66e-06,0,0
"90839-276",0.9998,0,0,0,2e-08,0,1.02e-06,0,0,0,0,0,0,0,0,0,0,2.156e-05,0,0,0,0,0.00017732,0,0,0,0,0,0,0,0,0,8e-08
"90839-278",0.9801,0,0,0,3.98e-06,0,3.98e-06,0,0,0,0,0,0,0,0,0,0,0.00131937,0,0,0,0,0.01855476,0,0,0,0,0,0,0,0,0,1.791e-05
"90839-279",0.9939,0,0,0,0,0,3.66e-06,0,0,0,0,0,0,0,6.1e-07,0,0,0.00077531,0,0,0,2.44e-06,0.00401807,0,0,6.1e-07,3.66e-06,0,0,0,0,0,0.00129564
"90839-280",1,0,0,0,0,0,0,0,0,0,0,0,0,0,0,0,0,0,0,0,0,0,0,0,0,0,0,0,0,0,0,0,0
"90839-281",0.9917,0.00010209,8.3e-06,0.00042247,0,0,0,7.47e-06,8.3e-07,0,8.3e-07,8.3e-07,8.3e-07,0,0,1.245e-05,3.071e-05,0,8.3e-07,8.3e-07,2.656e-05,0,0,0,5.146e-05,0.00041998,0.00710646,1.826e-05,0,1.328e-05,7.553e-05,0,0
"90839-282",0.9998,0,0,0,2e-08,0,2.2e-07,0,0,0,0,0,0,0,0,0,0,2.486e-05,0,0,0,0,0.00017484,0,0,0,0,0,0,0,0,0,6e-08
"90839-283",1,0,0,0,0,0,0,0,0,0,0,0,0,0,0,0,0,0,0,0,0,0,0,0,0,0,0,0,0,0,0,0,0
"90839-284",0.9737,0,0,0,7.89e-06,0,2.367e-05,0,0,0,0,0,0,0,0,0,0,0.0017884,0,0,0,0,0.02447215,0,0,0,0,0,0,0,0,0,7.89e-06
"90839-285",0.9999,0,0,0,1e-08,0,7e-08,0,0,0,0,0,0,0,0,0,0,1.519e-05,0,0,0,0,8.468e-05,0,0,1e-08,0,0,0,0,0,0,4e-08
"90839-286",0.9998,1.596e-05,0,2.76e-06,0,0,0,6e-07,2e-07,0,0,0,0,0,2e-08,6.8e-07,3.5e-06,0,0,0,4.6e-07,0,0,0,6.16e-06,1.078e-05,0.00015526,1.4e-07,0,8e-08,3.38e-06,0,2e-08
"90839-287",0.9993,0,0,0,7e-08,0,5.6e-07,0,0,0,0,0,0,0,7e-08,0,0,7.301e-05,0,0,0,7e-08,0.00062573,7e-08,0,7e-08,7e-08,0,0,0,0,0,2.8e-07
"90839-288",0.9999,0,0,0,2e-08,0,3e-08,0,0,0,0,0,0,0,0,0,0,7.13e-06,0,0,0,0,9.278e-05,0,0,0,0,0,0,0,0,0,4e-08
"90839-289",1,0,0,0,0,0,0,0,0,0,0,0,0,0,0,0,0,0,0,0,0,0,0,0,0,0,0,0,0,0,0,0,0
"90839-290",1,0,0,0,0,0,0,0,0,0,0,0,0,0,0,0,0,0,0,0,0,0,0,0,0,0,0,0,0,0,0,0,0
"90839-291",1,0,0,0,0,0,0,0,0,0,0,0,0,0,0,0,0,0,0,0,0,0,0,0,0,0,0,0,0,0,0,0,0
"90839-292",0.9221,0,0,0,7.79e-06,0,7.79e-05,0,0,0,0,0,0,0,7.79e-06,0,0,0.00821845,0,0,0,0,0.0695647,0,0,0,0,0,0,0,0,0,2.337e-05
"90839-293",0.9992,0,0,0,8e-08,0,8e-07,0,0,0,0,0,0,0,0,0,0,9.584e-05,0,0,0,0,0.00070312,0,0,0,0,0,0,0,0,0,1.6e-07
"90839-294",1,0,0,0,0,0,0,0,0,0,0,0,0,0,0,0,0,0,0,0,0,0,0,0,0,0,0,0,0,0,0,0,0
"90839-295",1,0,0,0,0,0,0,0,0,0,0,0,0,0,0,0,0,0,0,0,0,0,0,0,0,0,0,0,0,0,0,0,0
"90839-296",1,0,0,0,0,0,0,0,0,0,0,0,0,0,0,0,0,0,0,0,0,0,0,0,0,0,0,0,0,0,0,0,0
"90839-298",1,0,0,0,0,0,0,0,0,0,0,0,0,0,0,0,0,0,0,0,0,0,0,0,0,0,0,0,0,0,0,0,0
"90839-299",1,0,0,0,0,0,0,0,0,0,0,0,0,0,0,0,0,0,0,0,0,0,0,0,0,0,0,0,0,0,0,0,0
"90839-300",0.9999,0,0,0,1e-08,0,2.6e-07,0,0,0,0,0,0,0,0,0,0,1.234e-05,0,0,0,0,8.733e-05,2e-08,0,0,0,0,0,0,0,0,4e-08
"90839-301",0.9998,3.6e-07,0,3.32e-06,0,0,0,8e-08,0,0,1.2e-07,1.8e-07,2e-08,0,1.8e-07,1.4e-06,1.32e-06,0,1.8e-07,0,1.14e-06,0,0,0,2.5e-06,1.42e-05,0.00017198,6e-08,0,1e-07,2.86e-06,0,0
"90839-302",1,0,0,0,0,0,0,0,0,0,0,0,0,0,0,0,0,0,0,0,0,0,0,0,0,0,0,0,0,0,0,0,0
"90839-303",1,0,0,0,0,0,0,0,0,0,0,0,0,0,0,0,0,0,0,0,0,0,0,0,0,0,0,0,0,0,0,0,0
"90839-304",0.9999,0,0,0,1e-08,0,1.4e-07,0,0,1e-08,0,0,0,0,0,0,0,9.69e-06,0,0,0,0,9.005e-05,2e-08,0,0,2e-08,0,0,0,0,0,6e-08
"90839-305",0.9603,0,0,0,3.97e-06,0,4.367e-05,0,0,0,0,0,0,0,3.97e-06,0,0,0.00462902,0,0,0,0,0.0349757,0,0,0,0,0,0,0,0,0,4.367e-05
"90839-306",1,0,0,0,0,0,0,0,0,0,0,0,0,0,0,0,0,0,0,0,0,0,0,0,0,0,0,0,0,0,0,0,0
"90839-307",0.9098,0,0,0,9.02e-06,0,0.00011726,0,0,0,0,0,0,0,0,0,0,0.00952512,0,0,0,0,0.08053056,0,0,0,0,0,0,0,0,0,1.804e-05
"90839-308",1,0,0,0,0,0,0,0,0,0,0,0,0,0,0,0,0,0,0,0,0,0,0,0,0,0,0,0,0,0,0,0,0
"90839-309",1,0,0,0,0,0,0,0,0,0,0,0,0,0,0,0,0,0,0,0,0,0,0,0,0,0,0,0,0,0,0,0,0
"90839-310",1,0,0,0,0,0,0,0,0,0,0,0,0,0,0,0,0,0,0,0,0,0,0,0,0,0,0,0,0,0,0,0,0
"90839-311",0.9986,0,0,0,1.4e-07,0,1.54e-06,0,0,0,0,0,0,0,0,0,0,0.0002583,0,0,0,0,0.00113946,1.4e-07,0,0,0,0,0,0,0,0,4.2e-07
"90839-312",1,0,0,0,0,0,0,0,0,0,0,0,0,0,0,0,0,0,0,0,0,0,0,0,0,0,0,0,0,0,0,0,0
"90839-313",1,0,0,0,0,0,0,0,0,0,0,0,0,0,0,0,0,0,0,0,0,0,0,0,0,0,0,0,0,0,0,0,0
"90839-314",0.9997,1.2e-06,0,8.34e-06,0,0,0,3e-08,0,0,0,0,0,2.61e-06,0,2.91e-06,4.68e-06,0,0,0,1.41e-06,0,0,0,1.8e-07,1.509e-05,0.00025386,1.2e-07,0,3e-08,9.54e-06,0,0
"90839-315",1,0,0,0,0,0,0,0,0,0,0,0,0,0,0,0,0,0,0,0,0,0,0,0,0,0,0,0,0,0,0,0,0
"90839-316",0.999,0,2e-07,4.4e-06,0,0,0,1e-07,0,0,1.8e-06,1e-07,3e-07,0,8e-07,4e-06,6.5e-06,0,9e-07,1.8e-06,1.19e-05,0,0,0,0,9.28e-05,0.0008632,6e-06,0,3e-06,9e-07,0,1.3e-06
"90839-317",0.9998,0,0,0,1.6e-07,0,2.8e-07,0,0,0,0,0,0,0,2e-08,0,0,3.464e-05,0,0,0,4e-08,0.0001607,0,0,0,2e-08,0,0,0,0,0,4.14e-06
"90839-318",1,0,0,0,0,0,0,0,0,0,0,0,0,0,0,0,0,0,0,0,0,0,0,0,0,0,0,0,0,0,0,0,0
"90839-319",0.9932,0,0,0,6.8e-07,0,4.08e-06,0,0,6.8e-07,0,0,0,0,0,0,0,0.00047192,0,0,0,0,0.00631856,6.8e-07,0,0,0,0,0,0,0,0,3.4e-06
"90839-320",0.9998,4.6e-07,0,2.62e-06,0,0,0,4e-08,1.2e-07,0,6e-08,4e-08,0,0,0,8.8e-07,3.68e-06,0,6e-08,6e-08,1.1e-06,0,0,0,6e-07,1.302e-05,0.00017378,4.2e-07,0,5.2e-07,2.46e-06,0,8e-08
"90839-321",1,0,0,0,0,0,0,0,0,0,0,0,0,0,0,0,0,0,0,0,0,0,0,0,0,0,0,0,0,0,0,0,0
"90839-322",1,0,0,0,0,0,0,0,0,0,0,0,0,0,0,0,0,0,0,0,0,0,0,0,0,0,0,0,0,0,0,0,0
"90839-323",0.2942,0,0,0,7.058e-05,0,0.00077638,0,0,0,0,0,0,0,7.058e-05,0,0,0.06549824,0,0,0,7.058e-05,0.63917248,0,0,0,0,0,0,0,0,0,0.00014116
"90839-324",1,0,0,0,0,0,0,0,0,0,0,0,0,0,0,0,0,0,0,0,0,0,0,0,0,0,0,0,0,0,0,0,0
"90839-325",1,0,0,0,0,0,0,0,0,0,0,0,0,0,0,0,0,0,0,0,0,0,0,0,0,0,0,0,0,0,0,0,0
"90839-326",1,0,0,0,0,0,0,0,0,0,0,0,0,0,0,0,0,0,0,0,0,0,0,0,0,0,0,0,0,0,0,0,0
"90839-327",0.9778,4.44e-06,9.324e-05,3.33e-05,0,0,0,0,0,0,0.00010656,0,6.882e-05,0,2.442e-05,0,0,0,1.998e-05,3.552e-05,0.00023976,6.66e-06,0,2.22e-06,0,0.00192696,0.01917858,6.438e-05,3.996e-05,0.00017538,0,0,0.00017982
"90839-328",0.9916,0,0,0,8.4e-07,0,4.2e-06,0,0,0,0,0,0,0,0,0,0,0.00096516,0,0,0,0,0.00742056,0,0,8.4e-07,0,0,0,0,0,0,8.4e-06
"90839-329",1,0,0,0,0,0,0,0,0,0,0,0,0,0,0,0,0,0,0,0,0,0,0,0,0,0,0,0,0,0,0,0,0
"90839-330",0.9999,1.8e-07,0,6.5e-07,0,0,0,0,0,0,4e-08,2e-08,2e-08,1e-08,1e-08,8.3e-07,4.7e-07,0,1e-08,2.9e-07,6.2e-07,0,0,0,9e-08,7.66e-06,8.592e-05,1.3e-07,0,2.8e-07,2.76e-06,0,1e-08
"90839-331",1,0,0,0,0,0,0,0,0,0,0,0,0,0,0,0,0,0,0,0,0,0,0,0,0,0,0,0,0,0,0,0,0
"90839-332",1,0,0,0,0,0,0,0,0,0,0,0,0,0,0,0,0,0,0,0,0,0,0,0,0,0,0,0,0,0,0,0,0
"90839-333",0.9956,0,0,0,1.76e-06,0,8.8e-07,0,0,0,0,0,0,0,0,0,0,0.0003432,0,0,0,0,0.0040524,0,0,0,0,0,0,0,0,0,1.76e-06
"90839-334",0.9997,1.5e-06,0,1.98e-06,0,0,0,9e-08,6e-08,0,1.02e-06,9e-08,1.5e-07,0,2.1e-07,3e-08,1.68e-06,0,9e-08,5.1e-07,1.2e-06,6e-08,0,0,7.5e-07,2.364e-05,0.00026211,1.26e-06,0,2.25e-06,1.32e-06,0,0
"90839-335",1,0,0,0,0,0,0,0,0,0,0,0,0,0,0,0,0,0,0,0,0,0,0,0,0,0,0,0,0,0,0,0,0
"90839-336",0.9994,4.8e-06,0,7.92e-06,0,0,0,3.6e-06,0,0,1.8e-07,6e-08,0,0,6e-08,8.46e-06,1.212e-05,0,1.8e-07,0,6.6e-07,0,0,0,2.82e-06,3.24e-05,0.00051426,2.34e-06,0,1.2e-06,8.94e-06,0,0
"90839-337",1,0,0,0,0,0,0,0,0,0,0,0,0,0,0,0,0,0,0,0,0,0,0,0,0,0,0,0,0,0,0,0,0
"90839-338",1,0,0,0,0,0,0,0,0,0,0,0,0,0,0,0,0,0,0,0,0,0,0,0,0,0,0,0,0,0,0,0,0
"90839-339",1,0,0,0,0,0,0,0,0,0,0,0,0,0,0,0,0,0,0,0,0,0,0,0,0,0,0,0,0,0,0,0,0
"90839-340",1,0,0,0,0,0,0,0,0,0,0,0,0,0,0,0,0,0,0,0,0,0,0,0,0,0,0,0,0,0,0,0,0
"90839-341",0.9973,1.89e-06,0,1.944e-05,0,0,0,0,0,0,1.62e-06,0,0,2.7e-07,8.1e-07,1.809e-05,4.995e-05,0,0,1.62e-06,1.377e-05,0,0,0,1.08e-06,0.00019548,0.00232281,2.16e-06,0,2.7e-06,6.696e-05,0,1.35e-06
"90839-342",1,0,0,0,0,0,0,0,0,0,0,0,0,0,0,0,0,0,0,0,0,0,0,0,0,0,0,0,0,0,0,0,0
"90839-343",0.9999,6.3e-07,0,2.33e-06,0,0,0,3.6e-07,5e-08,0,3e-08,0,6e-08,0,1e-08,2.74e-06,1.07e-06,0,1e-08,0,5.4e-07,0,0,0,2.6e-07,6.49e-06,8.382e-05,1e-08,9e-08,4e-08,1.46e-06,0,0
"90839-344",1,0,0,0,0,0,0,0,0,0,0,0,0,0,0,0,0,0,0,0,0,0,0,0,0,0,0,0,0,0,0,0,0
"90839-345",1,0,0,0,0,0,0,0,0,0,0,0,0,0,0,0,0,0,0,0,0,0,0,0,0,0,0,0,0,0,0,0,0
"90839-347",0.9998,0,0,0,2e-08,0,4e-07,0,0,0,0,0,0,0,0,0,0,2.252e-05,0,0,0,0,0.00017704,0,0,0,0,0,0,0,0,0,2e-08
"90839-348",0.7756,0,0,0,0,0,0,0,0,0,0,0,0,0,4.488e-05,0,0,0.0177276,0,0,0,0,0.04324188,0,0,0.02145264,0.04918848,0,0,0,0,2.244e-05,0.09272208
"90839-349",1,0,0,0,0,0,0,0,0,0,0,0,0,0,0,0,0,0,0,0,0,0,0,0,0,0,0,0,0,0,0,0,0
"90839-350",0.9448,0,0,0,5.52e-06,0,7.728e-05,0,0,0,0,0,0,0,0,0,0,0.00689448,0,0,0,5.52e-06,0.04818408,0,0,5.52e-06,5.52e-06,0,0,0,0,0,2.208e-05
"90839-351",0.9993,0,0,0,7e-08,0,1.4e-06,0,0,7e-08,0,0,0,0,0,0,0,9.226e-05,0,0,0,0,0.00060585,0,0,7e-08,0,0,0,0,0,0,2.8e-07
"90839-352",1,0,0,0,0,0,0,0,0,0,0,0,0,0,0,0,0,0,0,0,0,0,0,0,0,0,0,0,0,0,0,0,0
"90839-353",1,0,0,0,0,0,0,0,0,0,0,0,0,0,0,0,0,0,0,0,0,0,0,0,0,0,0,0,0,0,0,0,0
"90839-354",1,0,0,0,0,0,0,0,0,0,0,0,0,0,0,0,0,0,0,0,0,0,0,0,0,0,0,0,0,0,0,0,0
"90839-355",1,0,0,0,0,0,0,0,0,0,0,0,0,0,0,0,0,0,0,0,0,0,0,0,0,0,0,0,0,0,0,0,0
"90839-356",0.9771,0,0,0,2.29e-06,0,3.664e-05,0,0,0,0,0,0,0,0,0,0,0.00200833,0,0,0,0,0.02084816,0,0,0,0,0,0,0,0,0,4.58e-06
"90839-357",0.9999,0,0,0,1e-08,0,1.4e-07,0,0,0,0,0,0,0,1e-08,0,0,1.476e-05,0,0,0,2e-08,8.503e-05,0,0,0,0,0,0,0,0,0,3e-08
"90839-358",1,0,0,0,0,0,0,0,0,0,0,0,0,0,0,0,0,0,0,0,0,0,0,0,0,0,0,0,0,0,0,0,0
"90839-359",1,0,0,0,0,0,0,0,0,0,0,0,0,0,0,0,0,0,0,0,0,0,0,0,0,0,0,0,0,0,0,0,0
"90839-360",0.9998,0,0,0,2e-08,0,1.6e-07,0,0,0,0,0,0,0,0,0,0,3.316e-05,0,0,0,6e-08,0.00016632,2e-08,0,2e-08,0,0,0,0,0,0,2.4e-07
"90839-361",0.9913,0,0,0,8.7e-07,0,7.83e-06,0,0,0,0,0,0,0,0,0,0,0.00125019,0,0,0,0,0.00743676,0,0,0,0,0,0,0,0,0,4.35e-06
"90839-362",1,0,0,0,0,0,0,0,0,0,0,0,0,0,0,0,0,0,0,0,0,0,0,0,0,0,0,0,0,0,0,0,0
"90839-363",1,0,0,0,0,0,0,0,0,0,0,0,0,0,0,0,0,0,0,0,0,0,0,0,0,0,0,0,0,0,0,0,0
"90839-364",0.9606,0,0,0,3.94e-06,0,2.758e-05,0,0,0,0,0,0,0,0,0,0,0.00436158,0,0,0,0,0.03415586,0,0,0,3.94e-06,0,0,0,0,0,0.0008471
"90839-365",0.9976,0,0,0,2.4e-07,0,1.92e-06,0,0,0,0,0,0,0,0,0,0,0.00034368,0,0,0,0,0.00205272,2.4e-07,0,0,0,0,0,0,0,0,1.2e-06
"90839-366",0.9129,0,0,0,8.71e-06,0,0.00012194,0,0,0,0,0,0,0,0,0,0,0.00761254,0,0,0,8.71e-06,0.07932197,0,0,0,0,0,0,0,0,0,2.613e-05
"90839-367",0.998,0,0,0,2e-07,0,3.8e-06,0,0,0,0,0,0,0,0,0,0,0.0002498,0,0,0,0,0.0017186,0,0,0,2e-07,0,0,0,0,0,2.74e-05
"90839-368",1,0,0,0,0,0,0,0,0,0,0,0,0,0,0,0,0,0,0,0,0,0,0,0,0,0,0,0,0,0,0,0,0
"90839-369",0.9995,0,0,0,5e-08,0,5.5e-07,0,0,0,0,0,0,0,0,0,0,6.94e-05,0,0,0,0,0.00042985,0,0,0,0,0,0,0,0,0,1.5e-07
"90839-370",1,0,0,0,0,0,0,0,0,0,0,0,0,0,0,0,0,0,0,0,0,0,0,0,0,0,0,0,0,0,0,0,0
"90839-371",1,0,0,0,0,0,0,0,0,0,0,0,0,0,0,0,0,0,0,0,0,0,0,0,0,0,0,0,0,0,0,0,0
"90839-372",0.9992,0,0,0,8e-08,0,5.6e-07,0,0,0,0,0,0,0,0,0,0,0.00011024,0,0,0,0,0.00068888,0,0,0,0,0,0,0,0,0,2.4e-07
"90839-373",0.9891,0,0,0,1.09e-06,0,3.379e-05,0,0,0,0,0,0,0,0,0,0,0.00170585,0,0,0,3.27e-06,0.00915382,0,0,0,0,0,0,0,0,0,2.18e-06
"90839-374",1,0,0,0,0,0,0,0,0,0,0,0,0,0,0,0,0,0,0,0,0,0,0,0,0,0,0,0,0,0,0,0,0
"90839-375",0.9956,0,0,0,4.4e-07,0,8.8e-07,0,0,0,0,0,0,0,0,0,0,0.00063008,0,0,0,0,0.00371844,0,0,0,0,0,0,0,0,0,5.016e-05
"90839-376",1,0,0,0,0,0,0,0,0,0,0,0,0,0,0,0,0,0,0,0,0,0,0,0,0,0,0,0,0,0,0,0,0
"90839-377",0.9998,0,0,0,2e-08,0,2.4e-07,0,0,0,0,0,0,0,2e-08,0,0,2.598e-05,0,0,0,0,0.00017354,0,0,0,2e-08,0,0,0,0,0,1.8e-07
"90839-378",1,0,0,0,0,0,0,0,0,0,0,0,0,0,0,0,0,0,0,0,0,0,0,0,0,0,0,0,0,0,0,0,0
"90839-379",0.978,0,0,0,0,0,3.96e-05,0,0,0,0,0,0,0,2.2e-06,0,0,0.0022308,0,0,0,2.2e-06,0.0197142,0,0,2.2e-06,6.6e-06,0,0,0,0,0,2.2e-06
"90839-380",1,0,0,0,0,0,0,0,0,0,0,0,0,0,0,0,0,0,0,0,0,0,0,0,0,0,0,0,0,0,0,0,0
"90839-381",1,0,0,0,0,0,0,0,0,0,0,0,0,0,0,0,0,0,0,0,0,0,0,0,0,0,0,0,0,0,0,0,0
"90839-382",1,0,0,0,0,0,0,0,0,0,0,0,0,0,0,0,0,0,0,0,0,0,0,0,0,0,0,0,0,0,0,0,0
"90839-383",0.9968,0,0,0,3.2e-07,0,4.16e-06,0,0,0,0,0,0,0,0,0,0,0.00038688,0,0,0,0,0.002808,0,0,0,0,0,0,0,0,0,6.4e-07
"90839-384",0.9999,0,0,0,1e-08,0,1.3e-07,0,0,1e-08,0,0,0,0,0,0,0,1.527e-05,0,0,0,1e-08,8.454e-05,0,0,0,0,0,0,0,0,0,3e-08
"90839-385",0.9548,0.00010848,9.04e-06,0.00034352,0,0,0,0,4.068e-05,0,4.068e-05,7.684e-05,1.356e-05,0,0,9.944e-05,0.00021696,0,4.52e-06,5.424e-05,0.0003842,4.52e-06,0,0,4.52e-06,0.00374256,0.0391658,0.000113,0,0.00011752,0.00063732,0,2.26e-05
"90839-386",1,0,0,0,0,0,0,0,0,0,0,0,0,0,0,0,0,0,0,0,0,0,0,0,0,0,0,0,0,0,0,0,0
"90839-387",0.9999,0,0,0,1e-08,0,8e-08,0,0,1e-08,0,0,0,0,0,0,0,9.44e-06,0,0,0,0,9.042e-05,1e-08,0,0,0,0,0,0,0,0,3e-08
"90839-388",0.9845,7.75e-06,0,0.00011625,0,0,0,0,0,0,9.3e-06,1.55e-06,1.55e-06,4.65e-06,4.65e-06,0.00019995,9.3e-05,0,0,1.55e-06,7.595e-05,0,0,0,3.1e-06,0.00124,0.0133796,7.75e-06,0,1.24e-05,0.000341,0,0
"90839-389",0.9566,6.51e-05,0,0.0003689,0,0,0,0,0,0,3.038e-05,0,0,4.34e-06,8.68e-06,0.0003255,0.00052948,0,1.736e-05,9.982e-05,0.00030814,0,0,0,4.774e-05,0.00359352,0.03752364,6.944e-05,0,0.00013454,0.00026474,0,8.68e-06
"90839-390",0.9778,7.77e-05,0,9.324e-05,0,0,0,0,0.0001332,0,2.664e-05,2.22e-06,0,0,0,2.22e-05,0.0001221,0,0,3.33e-05,0.00026862,0,0,0,2.22e-05,0.00181818,0.0192807,7.548e-05,0,9.768e-05,0.0001221,0,4.44e-06
"90839-391",0.9987,0,0,0,1.3e-07,0,2.47e-06,0,0,0,0,0,0,0,0,0,0,6.617e-05,0,0,0,0,0.00123097,0,0,0,0,0,0,0,0,0,2.6e-07
"90839-392",0.9931,1.38e-06,8.97e-06,2.76e-05,0,0,0,4.071e-05,6.9e-07,0,9.66e-06,3.45e-06,2.76e-06,1.38e-06,1.38e-06,2.346e-05,0.00010488,0,0,4.14e-06,5.313e-05,0,0,0,8.28e-06,0.00051888,0.00598299,1.035e-05,2.07e-06,1.035e-05,8.349e-05,0,0
"90839-393",0.9987,7.93e-06,0,1.027e-05,0,0,0,1.95e-06,3.9e-07,0,3.12e-06,3.38e-06,9.23e-06,0,6.37e-06,2.21e-06,1.183e-05,0,7.02e-06,5.2e-07,2.6e-07,0,0,0,1.508e-05,7.748e-05,0.00112853,9.1e-07,2.47e-06,2.73e-06,7.15e-06,0,1.17e-06
"90839-394",1,0,0,0,0,0,0,0,0,0,0,0,0,0,0,0,0,0,0,0,0,0,0,0,0,0,0,0,0,0,0,0,0
"90839-395",0.9996,0,0,0,4e-08,0,1.08e-06,0,0,0,0,0,0,0,0,0,0,5.296e-05,0,0,0,0,0.00034584,0,0,0,0,0,0,0,0,0,8e-08
"90839-397",1,0,0,0,0,0,0,0,0,0,0,0,0,0,0,0,0,0,0,0,0,0,0,0,0,0,0,0,0,0,0,0,0
"90839-398",1,0,0,0,0,0,0,0,0,0,0,0,0,0,0,0,0,0,0,0,0,0,0,0,0,0,0,0,0,0,0,0,0
"90839-399",1,0,0,0,0,0,0,0,0,0,0,0,0,0,0,0,0,0,0,0,0,0,0,0,0,0,0,0,0,0,0,0,0
"90839-400",0.9999,3.2e-07,4e-08,1.87e-06,0,0,0,5e-08,6e-08,0,0,3e-08,0,0,0,1.49e-06,5.5e-07,0,0,5e-08,1.17e-06,0,0,0,2.2e-07,7.13e-06,8.604e-05,2e-08,0,6e-08,9e-07,0,0
"90839-401",1,0,0,0,0,0,0,0,0,0,0,0,0,0,0,0,0,0,0,0,0,0,0,0,0,0,0,0,0,0,0,0,0
"90839-402",0.956,4.4e-06,3.08e-05,9.24e-05,0,0,0,4.4e-06,0,0,8.8e-05,0.0001452,9.24e-05,0,0.0001144,1.32e-05,0.0010692,0,8.8e-05,8.8e-06,0.0005192,3.52e-05,0,3.52e-05,0,0.0038368,0.0375452,0,3.96e-05,0.0001188,3.52e-05,0,8.36e-05
"90839-403",1,0,0,0,0,0,0,0,0,0,0,0,0,0,0,0,0,0,0,0,0,0,0,0,0,0,0,0,0,0,0,0,0
"90839-404",0.9999,0,0,0,1e-08,0,2.7e-07,0,0,0,0,0,0,0,0,0,0,1.264e-05,0,0,0,0,8.706e-05,0,0,0,0,0,0,0,0,0,2e-08
"90839-405",0.947,0,0,0,5.3e-06,0,5.83e-05,0,0,5.3e-06,0,0,0,0,0,0,0,0.0044626,0,0,0,0,0.0484473,0,0,5.3e-06,0,0,0,0,0,0,1.59e-05
"90839-407",0.981,0,0,0,3.8e-06,0,7.6e-06,0,0,0,0,0,0,0,0,0,0,0.0029089,0,0,0,0,0.0160645,0,0,0,0,0,0,0,0,0,1.52e-05
"90839-408",0.9981,5.7e-07,0,4.37e-06,0,0,0,0,3.8e-07,0,8.17e-06,1.9e-06,7.6e-07,0,1.33e-06,0,1.292e-05,0,3.8e-07,6.27e-06,2.375e-05,5.7e-07,0,0,0,0.00016454,0.00165129,8.74e-06,0,7.98e-06,9.5e-07,0,5.13e-06
"90839-409",0.9986,6.44e-06,0,3.92e-06,0,0,0,0,0,0,9.8e-07,2.8e-07,0,2.8e-07,2.8e-07,8.12e-06,1.036e-05,0,9.8e-07,8.12e-06,3.78e-06,0,0,0,3.22e-06,8.414e-05,0.00121828,4.76e-06,0,1.358e-05,3.192e-05,0,5.6e-07
"90839-410",0.9989,5.17e-06,1.1e-06,8.14e-06,0,0,0,4.4e-07,0,0,0,0,0,1.1e-07,0,2.915e-05,8.47e-06,0,0,1.1e-07,4.95e-06,0,0,0,6.49e-06,5.533e-05,0.00092158,4.18e-06,0,9.9e-07,5.379e-05,0,0
"90839-411",0.859,0.0005922,1.41e-05,0.0001692,0,0,0,4.23e-05,0,0,0.0009588,0,1.41e-05,0,0.0001551,2.82e-05,0.0014382,0,7.05e-05,0.0002679,0.0008601,2.82e-05,0,0,0,0.0120273,0.1223175,0.0005499,0,0.0010998,0.0002256,0,0.000141
"90839-412",0.9996,5.08e-06,0,2.2e-06,0,0,0,2e-07,4e-07,0,2e-07,0,0,6e-07,0,2e-07,3.6e-06,0,0,2e-07,1.6e-06,0,0,0,2.48e-06,2.964e-05,0.00034712,1.04e-06,0,7.6e-07,4.68e-06,0,0
"90839-413",1,0,0,0,0,0,0,0,0,0,0,0,0,0,0,0,0,0,0,0,0,0,0,0,0,0,0,0,0,0,0,0,0
"90839-414",0.9863,3.562e-05,0,7.809e-05,0,0,0,5.891e-05,0,0,7.261e-05,5.754e-05,6.987e-05,0,1.644e-05,8.22e-06,0.00011097,0,3.288e-05,2.74e-05,2.055e-05,2.74e-06,0,0,4.11e-06,0.00109052,0.0118779,5.48e-06,4.11e-06,0.0001096,1.644e-05,0,0
"90839-415",0.9999,8.5e-07,0,2.03e-06,0,0,0,0,1e-08,0,0,1e-08,0,4e-08,0,4.7e-07,4.2e-07,0,0,8e-08,5.5e-07,0,0,0,1.5e-07,7.12e-06,8.612e-05,9e-08,0,1.1e-07,1.95e-06,0,0
"90839-416",1,0,0,0,0,0,0,0,0,0,0,0,0,0,0,0,0,0,0,0,0,0,0,0,0,0,0,0,0,0,0,0,0
"90839-417",1,0,0,0,0,0,0,0,0,0,0,0,0,0,0,0,0,0,0,0,0,0,0,0,0,0,0,0,0,0,0,0,0
"90839-418",0.9999,2.2e-07,7e-08,2.4e-07,0,0,0,1e-08,0,0,3e-08,2e-08,0,1e-08,6e-08,3e-08,1.14e-06,0,0,1e-08,1e-06,2e-08,0,0,2e-07,8.14e-06,8.722e-05,6.5e-07,0,2.8e-07,2e-07,0,4.5e-07
"90839-419",1,0,0,0,0,0,0,0,0,0,0,0,0,0,0,0,0,0,0,0,0,0,0,0,0,0,0,0,0,0,0,0,0
"90839-420",1,0,0,0,0,0,0,0,0,0,0,0,0,0,0,0,0,0,0,0,0,0,0,0,0,0,0,0,0,0,0,0,0
"90839-421",1,0,0,0,0,0,0,0,0,0,0,0,0,0,0,0,0,0,0,0,0,0,0,0,0,0,0,0,0,0,0,0,0
"90839-422",1,0,0,0,0,0,0,0,0,0,0,0,0,0,0,0,0,0,0,0,0,0,0,0,0,0,0,0,0,0,0,0,0
"90839-423",0.9976,1.632e-05,2.4e-07,1.416e-05,0,0,0,7.2e-07,0,0,1.44e-06,0,2.4e-07,9.6e-07,2.4e-07,6e-06,1.344e-05,0,0,6.48e-06,5.76e-06,0,0,0,2.16e-06,0.00018936,0.00208512,6.96e-06,0,5.04e-06,4.512e-05,0,2.4e-07
"90839-424",0.9996,1.76e-06,9.6e-07,4.4e-06,0,0,0,0,0,0,2.4e-07,0,8e-08,0,1.2e-07,5.2e-07,6.4e-07,0,3.2e-07,4e-07,3.72e-06,4e-08,0,0,3.6e-07,3.288e-05,0.00034724,8e-07,2.8e-07,1.16e-06,4.04e-06,0,4e-08
"90839-425",0.9975,2.075e-05,0,1.1e-05,0,0,0,0,1.575e-05,0,3.5e-06,0,2.5e-07,0,2.5e-07,1.6e-05,1.775e-05,0,2.5e-07,2.75e-06,2.4e-05,0,0,0,2e-06,0.00020025,0.00215175,8.75e-06,0,9.5e-06,1.55e-05,0,0
"90839-426",0.9995,2e-06,3.5e-07,5.05e-06,0,0,0,0,0,0,4e-07,9.5e-07,5e-08,5e-08,2.5e-07,1.15e-06,5.3e-06,0,2e-07,0,5.25e-06,0,0,0,2.35e-06,3.685e-05,0.00043195,2.35e-06,0,6e-07,4.9e-06,0,0
"90839-427",0.9991,5.49e-06,0,2.61e-05,0,0,0,9.9e-07,0,0,0,0,0,2.7e-07,0,5.067e-05,8.577e-05,0,0,0,1.08e-06,0,0,0,4.5e-07,2.016e-05,0.00064161,9e-08,0,9e-08,6.723e-05,0,0
"90839-428",0.9997,2.7e-07,0,1.5e-07,0,0,0,1.8e-07,0,0,8.7e-07,8.7e-07,1.5e-07,0,5.1e-07,1.14e-06,2.07e-06,0,1.8e-07,2.1e-07,1.38e-06,3e-08,0,3e-08,3.9e-07,3.213e-05,0.00025455,9e-07,0,2.1e-06,1.38e-06,0,5.1e-07
"90839-429",1,0,0,0,0,0,0,0,0,0,0,0,0,0,0,0,0,0,0,0,0,0,0,0,0,0,0,0,0,0,0,0,0
"90839-430",0.9999,0,0,0,1e-08,0,5e-08,0,0,0,0,0,0,0,0,0,0,9.99e-06,0,0,0,0,8.988e-05,3e-08,0,0,0,0,0,0,0,0,4e-08
"90839-431",1,0,0,0,0,0,0,0,0,0,0,0,0,0,0,0,0,0,0,0,0,0,0,0,0,0,0,0,0,0,0,0,0
"90839-432",0.9872,3.456e-05,0,0.00014848,0,0,0,0,0,0,2.944e-05,0,1.28e-06,0,1.024e-05,2.56e-06,6.4e-05,0,6.4e-06,3.456e-05,1.92e-05,2.56e-06,0,0,5.12e-06,0.00100224,0.01113984,4.608e-05,0,4.352e-05,9.088e-05,1.28e-06,0.00011776
"90839-433",1,0,0,0,0,0,0,0,0,0,0,0,0,0,0,0,0,0,0,0,0,0,0,0,0,0,0,0,0,0,0,0,0
"90839-434",0.9484,0,0,0,5.16e-06,0,3.612e-05,0,0,0,0,0,0,0,0,0,0,0.00337464,0,0,0,0,0.04817376,0,0,0,0,0,0,0,0,0,1.032e-05
"90839-435",1,0,0,0,0,0,0,0,0,0,0,0,0,0,0,0,0,0,0,0,0,0,0,0,0,0,0,0,0,0,0,0,0
"90839-436",1,0,0,0,0,0,0,0,0,0,0,0,0,0,0,0,0,0,0,0,0,0,0,0,0,0,0,0,0,0,0,0,0
"90839-437",0.997,5.43e-05,9e-07,8.76e-05,0,0,0,3.3e-06,0,0,3e-06,1.8e-06,1.5e-06,3e-07,1.2e-06,3.6e-06,5.1e-06,0,9e-07,4.8e-06,5.4e-06,0,0,0,4.8e-06,0.0001977,0.002586,3.6e-06,0,8.1e-06,2.58e-05,0,3e-07
"90839-438",0.9995,5.5e-07,4.5e-07,3.15e-06,0,0,0,9.5e-07,0,0,1.1e-06,1.95e-06,1e-06,0,6.5e-07,1.5e-07,9.5e-07,0,2.2e-06,2e-07,7.05e-06,0,0,5e-08,4e-07,4.56e-05,0.0004302,1e-07,5.5e-07,1.75e-06,4.5e-07,0,5.5e-07
"90839-439",0.9997,3.3e-07,0,2.76e-06,0,0,0,6e-08,0,0,1.5e-07,3e-08,0,6e-08,6e-08,2.97e-06,2.85e-06,0,0,9.6e-07,9e-07,0,0,0,9e-08,2.16e-05,0.00025944,3e-08,0,3.3e-07,7.38e-06,0,0
"90839-440",0.9999,1.23e-06,0,1.99e-06,0,0,0,7e-08,0,0,0,1e-08,0,5e-08,0,7.6e-07,1.5e-06,0,0,0,4e-08,0,0,0,2.2e-07,4.56e-06,8.596e-05,4e-08,0,2e-08,3.54e-06,0,1e-08
"90839-441",0.9993,2.8e-06,2.1e-07,1.113e-05,0,0,0,1.4e-06,0,0,5.6e-07,0,7e-08,2.8e-07,0,4.13e-06,1.68e-06,0,0,3.5e-07,4.76e-06,0,0,0,6.3e-07,3.913e-05,0.00060466,2.38e-06,0,9.1e-07,2.492e-05,0,0
"90839-442",0.9999,9e-07,0,5.8e-07,0,0,0,4e-07,1.1e-07,0,4e-08,3e-08,2e-08,0,4e-08,4.9e-07,7.3e-07,0,1e-08,1.2e-07,4.4e-07,1e-08,0,0,4.4e-07,7.52e-06,8.661e-05,1.4e-07,0,3.2e-07,1.05e-06,0,0
"90839-443",1,0,0,0,0,0,0,0,0,0,0,0,0,0,0,0,0,0,0,0,0,0,0,0,0,0,0,0,0,0,0,0,0
"90839-444",1,0,0,0,0,0,0,0,0,0,0,0,0,0,0,0,0,0,0,0,0,0,0,0,0,0,0,0,0,0,0,0,0
"90839-445",1,0,0,0,0,0,0,0,0,0,0,0,0,0,0,0,0,0,0,0,0,0,0,0,0,0,0,0,0,0,0,0,0
"90839-446",1,0,0,0,0,0,0,0,0,0,0,0,0,0,0,0,0,0,0,0,0,0,0,0,0,0,0,0,0,0,0,0,0
"90839-447",0.9901,0.00080388,0,0.00025443,0,0,0,0,0,0,2.97e-06,0,9.9e-07,0,9.9e-07,4.851e-05,4.554e-05,0,0,9.9e-06,1.98e-06,0,0,0,7.326e-05,0.00046827,0.00792693,1.881e-05,0,1.287e-05,0.00023067,0,0
"90839-448",1,0,0,0,0,0,0,0,0,0,0,0,0,0,0,0,0,0,0,0,0,0,0,0,0,0,0,0,0,0,0,0,0
"90839-449",1,0,0,0,0,0,0,0,0,0,0,0,0,0,0,0,0,0,0,0,0,0,0,0,0,0,0,0,0,0,0,0,0
"90839-450",0.9977,6.67e-06,0,4.163e-05,0,0,0,0,0,0,2.99e-06,1.38e-06,0,0,9.2e-07,5.52e-06,7.82e-06,0,0,1.61e-06,4.37e-06,4.6e-07,0,0,2.3e-07,0.0001909,0.00199663,8.97e-06,0,7.36e-06,1.863e-05,0,3.91e-06
"90839-451",1,0,0,0,0,0,0,0,0,0,0,0,0,0,0,0,0,0,0,0,0,0,0,0,0,0,0,0,0,0,0,0,0
"90839-452",0.9871,0,0,0,0,0,0,0,0,0,0,0,0,0,0,0,0,7.611e-05,0,0,0,0,0.00092235,0,0,0.00123195,0.01066056,0,0,0,0,0,9.03e-06
"90839-453",0.9932,0,0,0,6.8e-07,0,8.84e-06,0,0,6.8e-07,0,0,0,0,0,0,0,0.000527,0,0,0,0,0.00626144,0,0,0,0,0,0,0,0,0,1.36e-06
"90839-454",0.9925,0,0,0,7.5e-07,0,6.75e-06,0,0,0,0,0,0,0,0,0,0,0.0006915,0,0,0,7.5e-07,0.00679875,0,0,0,0,0,0,0,0,0,1.5e-06
"90839-455",1,0,0,0,0,0,0,0,0,0,0,0,0,0,0,0,0,0,0,0,0,0,0,0,0,0,0,0,0,0,0,0,0
"90839-456",1,0,0,0,0,0,0,0,0,0,0,0,0,0,0,0,0,0,0,0,0,0,0,0,0,0,0,0,0,0,0,0,0
"90839-457",1,0,0,0,0,0,0,0,0,0,0,0,0,0,0,0,0,0,0,0,0,0,0,0,0,0,0,0,0,0,0,0,0
"90839-458",0.9998,2.48e-06,2e-08,1.732e-05,0,0,0,1.6e-07,0,0,0,4e-08,0,2.8e-07,0,3.86e-06,1.16e-06,0,0,2e-08,3.4e-07,0,0,0,6e-07,6.14e-06,0.0001432,4e-08,0,4e-08,2.43e-05,0,0
"90839-459",1,0,0,0,0,0,0,0,0,0,0,0,0,0,0,0,0,0,0,0,0,0,0,0,0,0,0,0,0,0,0,0,0
"90839-460",1,0,0,0,0,0,0,0,0,0,0,0,0,0,0,0,0,0,0,0,0,0,0,0,0,0,0,0,0,0,0,0,0
"90839-461",0.9588,0.000103,0,0.0002472,0,0,0,4.12e-06,0,0,6.18e-05,0,0,0,1.648e-05,0.00014008,0.00020188,0,0,0.00021836,3.296e-05,4.12e-06,0,0,2.884e-05,0.00316416,0.03577808,0.00040788,0,0.00021012,0.0005356,0,4.532e-05
"90839-462",0.9982,1.98e-05,0,7.29e-05,0,0,0,7.2e-07,0,0,0,0,0,3.78e-06,0,3.366e-05,1.206e-05,0,0,7.2e-07,7.2e-07,0,0,0,4.68e-06,4.86e-05,0.001386,3.6e-06,0,3.06e-06,0.00020952,0,1.8e-07
"90839-463",1,0,0,0,0,0,0,0,0,0,0,0,0,0,0,0,0,0,0,0,0,0,0,0,0,0,0,0,0,0,0,0,0
"90839-464",0.7849,0.0010755,6.453e-05,0.00062379,0,0,0,0.00062379,2.151e-05,0,0.00019359,0,0,0.00010755,2.151e-05,0.00040869,0.00144117,0,0,0.00221553,0.00066681,0,0,0,8.604e-05,0.01645515,0.1862766,0.00066681,0,0.00154872,0.00260271,0,0
"90839-466",0.9891,2.943e-05,1.09e-06,1.526e-05,0,0,0,0,3.706e-05,0,1.635e-05,2.18e-06,0,2.18e-06,9.81e-06,1.199e-05,4.578e-05,0,0,4.36e-06,0.00011227,2.18e-06,0,0,4.142e-05,0.00087091,0.0094721,6.431e-05,0,3.379e-05,0.00012753,0,0
"90839-467",0.2517,0.00366667,0,0.00508844,0,0,0,0,0,0,7.483e-05,0,0,0.00284354,0,0.0044898,0.00703402,0,0,0.00112245,0.00187075,0,0,0,0.00067347,0.04699324,0.64690535,0.00059864,0,0.00044898,0.02648982,0,0
"90839-468",0.9988,1.56e-05,0,5.628e-05,0,0,0,4.8e-07,0,0,1.2e-07,0,1.2e-07,0,0,4.2e-06,1.932e-05,0,0,2.4e-07,1.56e-06,0,0,0,1.164e-05,5.448e-05,0.00101616,1.68e-06,0,6e-07,1.752e-05,0,0
"90839-469",0.9999,7.6e-07,8e-08,6.4e-07,0,0,0,2.08e-06,0,0,0,1e-08,0,0,0,5.8e-07,4.8e-07,0,0,0,6.9e-07,0,0,0,4.8e-07,6.92e-06,8.593e-05,1.1e-07,0,1.2e-07,1.12e-06,0,0
"90839-470",0.995,2e-06,0,4.1e-05,0,0,0,1.1e-05,0,0,1.5e-06,0,5e-07,5e-07,5e-07,8e-05,6.6e-05,0,0,1.5e-06,1.55e-05,0,0,0,1e-05,0.0003865,0.0043175,1.5e-06,0,6e-06,5.85e-05,0,0
"90839-471",1,0,0,0,0,0,0,0,0,0,0,0,0,0,0,0,0,0,0,0,0,0,0,0,0,0,0,0,0,0,0,0,0
"90839-472",1,0,0,0,0,0,0,0,0,0,0,0,0,0,0,0,0,0,0,0,0,0,0,0,0,0,0,0,0,0,0,0,0
"90839-473",0.3742,0.0037548,0,0.02590812,0,0,0,0.0003129,0,0,0,0,0,6.258e-05,0,0.00669606,0.00387996,0,0,0.00037548,0.0003129,0,0,0,0.00025032,0.03510738,0.53687382,0.00112644,0,0.00018774,0.0109515,0,0
"90839-474",0.9967,0,0,0,3.3e-07,0,2.64e-06,0,0,0,0,0,0,0,0,0,0,0.00061941,0,0,0,0,0.00267597,3.3e-07,0,0,0,0,0,0,0,0,1.32e-06
"90839-475",1,0,0,0,0,0,0,0,0,0,0,0,0,0,0,0,0,0,0,0,0,0,0,0,0,0,0,0,0,0,0,0,0
"90839-476",1,0,0,0,0,0,0,0,0,0,0,0,0,0,0,0,0,0,0,0,0,0,0,0,0,0,0,0,0,0,0,0,0
"90839-477",1,0,0,0,0,0,0,0,0,0,0,0,0,0,0,0,0,0,0,0,0,0,0,0,0,0,0,0,0,0,0,0,0
"90839-478",1,0,0,0,0,0,0,0,0,0,0,0,0,0,0,0,0,0,0,0,0,0,0,0,0,0,0,0,0,0,0,0,0
"90839-479",1,0,0,0,0,0,0,0,0,0,0,0,0,0,0,0,0,0,0,0,0,0,0,0,0,0,0,0,0,0,0,0,0
"90839-480",0.7874,0,0,0,2.126e-05,0,0.0001063,0,0,2.126e-05,0,0,0,0,0,0,0,0.02087732,0,0,0,0,0.19146756,0,0,0,0,0,0,0,0,0,0.0001063
"90839-481",1,0,0,0,0,0,0,0,0,0,0,0,0,0,0,0,0,0,0,0,0,0,0,0,0,0,0,0,0,0,0,0,0
"90839-482",1,0,0,0,0,0,0,0,0,0,0,0,0,0,0,0,0,0,0,0,0,0,0,0,0,0,0,0,0,0,0,0,0
"90839-483",1,0,0,0,0,0,0,0,0,0,0,0,0,0,0,0,0,0,0,0,0,0,0,0,0,0,0,0,0,0,0,0,0
"90839-484",0.0669999999999999,0,0,0,9.33e-05,0,0.0005598,0,0,0,0,0,0,0,0,0,0,0.0364803,0,0,0,9.33e-05,0.89568,0,0,0,0,0,0,0,0,0,9.33e-05
"90839-485",1,0,0,0,0,0,0,0,0,0,0,0,0,0,0,0,0,0,0,0,0,0,0,0,0,0,0,0,0,0,0,0,0
"90839-486",1,0,0,0,0,0,0,0,0,0,0,0,0,0,0,0,0,0,0,0,0,0,0,0,0,0,0,0,0,0,0,0,0
"90839-487",1,0,0,0,0,0,0,0,0,0,0,0,0,0,0,0,0,0,0,0,0,0,0,0,0,0,0,0,0,0,0,0,0
"90839-488",1,0,0,0,0,0,0,0,0,0,0,0,0,0,0,0,0,0,0,0,0,0,0,0,0,0,0,0,0,0,0,0,0
"90839-489",1,0,0,0,0,0,0,0,0,0,0,0,0,0,0,0,0,0,0,0,0,0,0,0,0,0,0,0,0,0,0,0,0
"90839-490",1,0,0,0,0,0,0,0,0,0,0,0,0,0,0,0,0,0,0,0,0,0,0,0,0,0,0,0,0,0,0,0,0
"90839-492",1,0,0,0,0,0,0,0,0,0,0,0,0,0,0,0,0,0,0,0,0,0,0,0,0,0,0,0,0,0,0,0,0
"90839-493",0.9995,0,0,0,5e-08,0,3e-07,0,0,0,0,0,0,0,0,0,0,7.585e-05,0,0,0,0,0.0004235,0,0,0,0,0,0,0,0,0,3e-07
"90839-494",0.9991,0,0,0,1.8e-07,0,4.5e-07,0,0,0,0,0,0,0,0,0,0,0.00011043,0,0,0,0,0.00078822,0,0,0,0,0,0,0,0,0,7.2e-07
"90839-496",0.9998,0,0,0,2e-08,0,2.6e-07,0,0,0,0,0,0,0,0,0,0,1.378e-05,0,0,0,2e-08,0.00018588,0,0,0,0,0,0,0,0,0,4e-08
"90839-497",0.9963,0,0,0,3.7e-07,0,7.4e-06,0,0,0,0,0,0,0,0,0,0,0.00029933,0,0,0,0,0.00339142,3.7e-07,0,0,0,0,0,0,0,0,1.11e-06
"90839-498",0.9998,0,0,0,2e-08,0,3.7e-06,0,0,0,0,0,0,0,0,0,0,2.484e-05,0,0,0,0,0.00017136,0,0,2e-08,2e-08,0,0,0,0,0,4e-08
"90839-499",0.9878,0,0,0,1.22e-06,0,1.83e-05,0,0,0,0,0,0,0,0,0,0,0.0013847,0,0,0,0,0.01077382,0,0,0,1.22e-06,0,0,0,0,0,2.074e-05
"90839-500",1,0,0,0,0,0,0,0,0,0,0,0,0,0,0,0,0,0,0,0,0,0,0,0,0,0,0,0,0,0,0,0,0
"90839-501",1,0,0,0,0,0,0,0,0,0,0,0,0,0,0,0,0,0,0,0,0,0,0,0,0,0,0,0,0,0,0,0,0
"90839-502",1,0,0,0,0,0,0,0,0,0,0,0,0,0,0,0,0,0,0,0,0,0,0,0,0,0,0,0,0,0,0,0,0
"90839-503",1,0,0,0,0,0,0,0,0,0,0,0,0,0,0,0,0,0,0,0,0,0,0,0,0,0,0,0,0,0,0,0,0
"90839-504",0.9998,0,0,0,2e-08,0,4e-07,0,0,0,0,0,0,0,0,0,0,3.358e-05,0,0,0,0,0.00016572,0,0,2e-08,1e-07,0,0,0,0,0,1.6e-07
"90839-505",1,0,0,0,0,0,0,0,0,0,0,0,0,0,0,0,0,0,0,0,0,0,0,0,0,0,0,0,0,0,0,0,0
"90839-506",0.9995,0,0,0,5e-08,0,8.5e-07,0,0,0,0,0,0,0,0,0,0,4.535e-05,0,0,0,0,0.0004536,0,0,0,5e-08,0,0,0,0,0,1e-07
"90839-507",0.9999,1.8e-07,0,5e-07,0,0,0,1.48e-06,0,0,7e-08,2e-08,3e-08,2e-08,4e-08,1.02e-06,7.8e-07,0,0,1.2e-07,2e-08,0,0,0,1.6e-07,7.51e-06,8.651e-05,1e-08,5e-08,2.5e-07,1.23e-06,0,0
"90839-508",1,0,0,0,0,0,0,0,0,0,0,0,0,0,0,0,0,0,0,0,0,0,0,0,0,0,0,0,0,0,0,0,0
"90839-509",0.9995,0,0,0,5e-08,0,7e-07,0,0,0,0,0,0,0,0,0,0,7.89e-05,0,0,0,0,0.00041715,1e-07,0,1e-07,2e-07,0,0,0,0,0,2.8e-06
"90839-510",1,0,0,0,0,0,0,0,0,0,0,0,0,0,0,0,0,0,0,0,0,0,0,0,0,0,0,0,0,0,0,0,0
"90839-511",1,0,0,0,0,0,0,0,0,0,0,0,0,0,0,0,0,0,0,0,0,0,0,0,0,0,0,0,0,0,0,0,0
"90839-512",1,0,0,0,0,0,0,0,0,0,0,0,0,0,0,0,0,0,0,0,0,0,0,0,0,0,0,0,0,0,0,0,0
"90839-513",1,0,0,0,0,0,0,0,0,0,0,0,0,0,0,0,0,0,0,0,0,0,0,0,0,0,0,0,0,0,0,0,0
"90839-514",1,0,0,0,0,0,0,0,0,0,0,0,0,0,0,0,0,0,0,0,0,0,0,0,0,0,0,0,0,0,0,0,0
"90839-515",1,0,0,0,0,0,0,0,0,0,0,0,0,0,0,0,0,0,0,0,0,0,0,0,0,0,0,0,0,0,0,0,0
"90839-516",0.9993,0,0,0,7e-08,0,7.7e-07,0,0,7e-08,0,0,0,0,0,0,0,3.605e-05,0,0,0,0,0.0006629,0,0,0,0,0,0,0,0,0,1.4e-07
"90839-517",0.9971,0,0,0,1.45e-06,0,0,0,0,0,0,0,0,0,0,0,0,0.00044863,0,0,0,2.9e-07,0.00243919,8.7e-07,0,2.9e-07,2.9e-07,0,0,0,0,0,8.99e-06
"90839-518",1,0,0,0,0,0,0,0,0,0,0,0,0,0,0,0,0,0,0,0,0,0,0,0,0,0,0,0,0,0,0,0,0
"90839-519",0.997,0,0,0,3e-07,0,3.6e-06,0,0,0,0,0,0,0,0,0,0,0.000255,0,0,0,0,0.0027405,0,0,0,0,0,0,0,0,0,6e-07
"90839-520",1,0,0,0,0,0,0,0,0,0,0,0,0,0,0,0,0,0,0,0,0,0,0,0,0,0,0,0,0,0,0,0,0
"90839-521",1,0,0,0,0,0,0,0,0,0,0,0,0,0,0,0,0,0,0,0,0,0,0,0,0,0,0,0,0,0,0,0,0
"90839-522",1,0,0,0,0,0,0,0,0,0,0,0,0,0,0,0,0,0,0,0,0,0,0,0,0,0,0,0,0,0,0,0,0
"90839-523",1,0,0,0,0,0,0,0,0,0,0,0,0,0,0,0,0,0,0,0,0,0,0,0,0,0,0,0,0,0,0,0,0
"90839-524",0.9996,0,0,0,4e-08,0,3.2e-07,0,0,0,0,0,0,0,0,0,0,3.98e-05,0,0,0,0,0.0003598,0,0,0,0,0,0,0,0,4e-08,0
"90839-525",0.012,0,0,0,0,0,0.0020748,0,0,0,0,0,0,0,0,0,0,0.0483132,0,0,0,0,0.9370192,0,0,0.0001976,0.0002964,0,0,0,0,0,9.88e-05
"90839-526",1,0,0,0,0,0,0,0,0,0,0,0,0,0,0,0,0,0,0,0,0,0,0,0,0,0,0,0,0,0,0,0,0
"90839-527",0.9987,0,0,0,1.3e-07,0,2.99e-06,0,0,0,0,0,0,0,0,0,0,0.00015964,0,0,0,0,0.00113659,0,0,2.6e-07,0,0,0,0,0,0,3.9e-07
"90839-528",1,0,0,0,0,0,0,0,0,0,0,0,0,0,0,0,0,0,0,0,0,0,0,0,0,0,0,0,0,0,0,0,0
"90839-529",1,0,0,0,0,0,0,0,0,0,0,0,0,0,0,0,0,0,0,0,0,0,0,0,0,0,0,0,0,0,0,0,0
"90839-530",1,0,0,0,0,0,0,0,0,0,0,0,0,0,0,0,0,0,0,0,0,0,0,0,0,0,0,0,0,0,0,0,0
"90839-531",1,0,0,0,0,0,0,0,0,0,0,0,0,0,0,0,0,0,0,0,0,0,0,0,0,0,0,0,0,0,0,0,0
"90839-532",1,0,0,0,0,0,0,0,0,0,0,0,0,0,0,0,0,0,0,0,0,0,0,0,0,0,0,0,0,0,0,0,0
"90839-533",1,0,0,0,0,0,0,0,0,0,0,0,0,0,0,0,0,0,0,0,0,0,0,0,0,0,0,0,0,0,0,0,0
"90839-534",1,0,0,0,0,0,0,0,0,0,0,0,0,0,0,0,0,0,0,0,0,0,0,0,0,0,0,0,0,0,0,0,0
"90839-535",1,0,0,0,0,0,0,0,0,0,0,0,0,0,0,0,0,0,0,0,0,0,0,0,0,0,0,0,0,0,0,0,0
"90839-536",1,0,0,0,0,0,0,0,0,0,0,0,0,0,0,0,0,0,0,0,0,0,0,0,0,0,0,0,0,0,0,0,0
"90839-537",0.9975,0,0,0,2.5e-07,0,7.5e-06,0,0,0,0,0,0,0,0,0,0,0.00024125,0,0,0,2.5e-07,0.00225025,0,0,0,0,0,0,0,0,0,5e-07
"90839-538",1,0,0,0,0,0,0,0,0,0,0,0,0,0,0,0,0,0,0,0,0,0,0,0,0,0,0,0,0,0,0,0,0
"90839-539",1,0,0,0,0,0,0,0,0,0,0,0,0,0,0,0,0,0,0,0,0,0,0,0,0,0,0,0,0,0,0,0,0
"90839-540",0.9923,0,0,0,0,0,7.7e-07,0,0,0,0,0,0,0,6.16e-06,0,0,0.00114114,0,0,0,0,0.00537845,0,0,0.0003003,0.00011165,0,0,0,0,0,0.00076153
"90839-541",0.9999,0,0,0,1e-08,0,7.5e-07,0,0,0,0,0,0,0,0,0,0,1.123e-05,0,0,0,0,8.798e-05,0,0,1e-08,0,0,0,0,0,0,2e-08
"90839-542",0.9999,0,0,0,1e-08,0,5e-08,0,0,0,0,0,0,0,1e-08,0,0,8.07e-06,0,0,0,0,9.173e-05,0,0,0,5e-08,0,0,0,0,0,8e-08
"90839-543",0.9999,0,0,0,3e-08,0,1.1e-07,0,0,0,0,0,0,0,1e-08,0,0,1.373e-05,0,0,0,1e-08,8.609e-05,0,0,0,0,0,0,0,0,0,2e-08
"90839-544",1,0,0,0,0,0,0,0,0,0,0,0,0,0,0,0,0,0,0,0,0,0,0,0,0,0,0,0,0,0,0,0,0
"90839-545",1,0,0,0,0,0,0,0,0,0,0,0,0,0,0,0,0,0,0,0,0,0,0,0,0,0,0,0,0,0,0,0,0
"90839-546",0.9953,0,0,0,4.7e-07,0,2.82e-06,0,0,0,0,0,0,0,0,0,0,0.00077221,0,0,0,0,0.00391369,0,0,4.7e-07,0,0,0,0,0,0,1.034e-05
"90839-547",0.9998,0,0,0,2e-08,0,6.2e-07,0,0,0,0,0,0,0,0,0,0,2.962e-05,0,0,0,2e-08,0.00016964,0,0,0,0,0,0,0,0,0,8e-08
"90839-548",0.9969,0,0,0,3.1e-07,0,4.96e-06,0,0,0,0,0,0,0,0,0,0,0.00041943,0,0,0,0,0.00267406,0,0,3.1e-07,0,0,0,0,0,0,9.3e-07
"90839-549",1,0,0,0,0,0,0,0,0,0,0,0,0,0,0,0,0,0,0,0,0,0,0,0,0,0,0,0,0,0,0,0,0
"90839-550",1,0,0,0,0,0,0,0,0,0,0,0,0,0,0,0,0,0,0,0,0,0,0,0,0,0,0,0,0,0,0,0,0
"90839-551",1,0,0,0,0,0,0,0,0,0,0,0,0,0,0,0,0,0,0,0,0,0,0,0,0,0,0,0,0,0,0,0,0
"90839-552",1,0,0,0,0,0,0,0,0,0,0,0,0,0,0,0,0,0,0,0,0,0,0,0,0,0,0,0,0,0,0,0,0
"90839-553",0.9912,0,0,0,8.8e-07,0,1.496e-05,0,0,0,0,0,0,0,0,0,0,0.00173712,0,0,0,0,0.0070444,0,0,8.8e-07,0,0,0,0,0,0,1.76e-06
"90839-554",1,0,0,0,0,0,0,0,0,0,0,0,0,0,0,0,0,0,0,0,0,0,0,0,0,0,0,0,0,0,0,0,0
"90839-556",0.9996,0,0,0,4e-08,0,1.6e-07,0,0,0,0,0,0,0,0,0,0,3.856e-05,0,0,0,0,0.00036092,8e-08,0,0,0,0,0,0,0,0,2.4e-07
"90839-557",1,0,0,0,0,0,0,0,0,0,0,0,0,0,0,0,0,0,0,0,0,0,0,0,0,0,0,0,0,0,0,0,0
"90839-558",1,0,0,0,0,0,0,0,0,0,0,0,0,0,0,0,0,0,0,0,0,0,0,0,0,0,0,0,0,0,0,0,0
"90839-559",1,0,0,0,0,0,0,0,0,0,0,0,0,0,0,0,0,0,0,0,0,0,0,0,0,0,0,0,0,0,0,0,0
"90839-560",0.9857,0,0,0,1.43e-06,0,3.003e-05,0,0,0,0,0,0,0,0,0,0,0.00118118,0,0,0,0,0.0130845,0,0,0,0,0,0,0,0,0,2.86e-06
"90839-561",1,0,0,0,0,0,0,0,0,0,0,0,0,0,0,0,0,0,0,0,0,0,0,0,0,0,0,0,0,0,0,0,0
"90839-562",0.9997,0,0,0,3e-08,0,3.6e-07,0,0,0,0,0,0,0,0,0,0,3.24e-05,0,0,0,0,0.00026712,0,0,0,0,0,0,0,0,0,9e-08
"90839-563",0.9762,0,0,0,2.38e-06,0,4.046e-05,0,0,2.38e-06,0,0,0,0,0,0,0,0.00201586,0,0,0,0,0.02170322,0,0,0,0,0,0,0,0,0,3.57e-05
"90839-564",0.9495,0,0,0,5.05e-06,0,3.03e-05,0,0,0,0,0,0,0,0,0,0,0.00782245,0,0,0,0,0.0426018,0,0,0,0,0,0,0,0,0,4.04e-05
"90839-565",0.1296,0,0,0,8.704e-05,0,0.0004352,0,0,0,0,0,0,0,0,0,0,0.12899328,0,0,0,0,0.74053632,0,0,0,0,0,0,0,0,0,0.00034816
"90839-566",0.9995,0,0,0,0,0,2.5e-07,0,0,0,0,0,0,0,0,0,0,2.69e-05,0,0,0,0,0.00047275,0,0,0,0,0,0,0,0,0,1e-07
"90839-567",0.9979,0,0,0,2.1e-07,0,4.2e-06,0,0,0,0,0,0,0,0,0,0,0.0002121,0,0,0,0,0.00188265,0,0,2.1e-07,2.1e-07,0,0,0,0,0,4.2e-07
"90839-568",0.9989,0,0,0,1.1e-07,0,1.32e-06,0,0,0,0,0,0,0,0,0,0,0.00015752,0,0,0,0,0.00094072,0,0,0,0,0,0,0,0,0,3.3e-07
"90839-569",1,0,0,0,0,0,0,0,0,0,0,0,0,0,0,0,0,0,0,0,0,0,0,0,0,0,0,0,0,0,0,0,0
"90839-570",1,0,0,0,0,0,0,0,0,0,0,0,0,0,0,0,0,0,0,0,0,0,0,0,0,0,0,0,0,0,0,0,0
"90839-571",0.9993,0,0,0,7e-08,0,3.5e-07,0,0,0,0,0,0,0,0,0,0,7.665e-05,0,0,0,0,0.00062237,0,0,0,0,0,0,0,0,0,5.6e-07
"90839-572",1,0,0,0,0,0,0,0,0,0,0,0,0,0,0,0,0,0,0,0,0,0,0,0,0,0,0,0,0,0,0,0,0
"90839-573",1,0,0,0,0,0,0,0,0,0,0,0,0,0,0,0,0,0,0,0,0,0,0,0,0,0,0,0,0,0,0,0,0
"90839-574",1,0,0,0,0,0,0,0,0,0,0,0,0,0,0,0,0,0,0,0,0,0,0,0,0,0,0,0,0,0,0,0,0
"90839-575",0.9996,0,0,0,4e-08,0,2.76e-06,0,0,0,0,0,0,0,0,0,0,5.024e-05,0,0,0,0,0.0003468,0,0,4e-08,0,0,0,0,0,0,1.2e-07
"90839-576",1,0,0,0,0,0,0,0,0,0,0,0,0,0,0,0,0,0,0,0,0,0,0,0,0,0,0,0,0,0,0,0,0
"90839-577",1,0,0,0,0,0,0,0,0,0,0,0,0,0,0,0,0,0,0,0,0,0,0,0,0,0,0,0,0,0,0,0,0
"90839-578",0.9996,0,0,0,4e-08,0,6.8e-07,0,0,0,0,0,0,0,0,0,0,4.316e-05,0,0,0,0,0.00035588,0,0,0,4e-08,0,0,0,0,0,2e-07
"90839-579",1,0,0,0,0,0,0,0,0,0,0,0,0,0,0,0,0,0,0,0,0,0,0,0,0,0,0,0,0,0,0,0,0
"90839-580",1,0,0,0,0,0,0,0,0,0,0,0,0,0,0,0,0,0,0,0,0,0,0,0,0,0,0,0,0,0,0,0,0
"90839-581",0.9996,0,0,0,4e-08,0,3.2e-07,0,0,0,0,0,0,0,0,0,0,6.292e-05,0,0,0,0,0.00033664,0,0,0,0,0,0,0,0,0,8e-08
"90839-582",0.9995,0,0,0,5e-08,0,7e-07,0,0,0,0,0,0,0,0,0,0,4.215e-05,0,0,0,5e-08,0.0004568,0,0,0,0,0,0,0,0,0,2.5e-07
"90839-583",0.9999,0,0,0,1e-08,0,6e-08,0,0,0,0,0,0,0,0,0,0,1.086e-05,0,0,0,0,8.906e-05,0,0,0,0,0,0,0,0,0,1e-08
"90839-584",1,0,0,0,0,0,0,0,0,0,0,0,0,0,0,0,0,0,0,0,0,0,0,0,0,0,0,0,0,0,0,0,0
"90839-585",0.9973,0,0,0,2.7e-07,0,2.16e-06,0,0,0,0,0,0,0,0,0,0,0.00019629,0,0,0,2.7e-07,0.0025002,0,0,0,0,0,0,0,0,0,8.1e-07
"90839-586",0.9935,0,0,0,6.5e-07,0,3.9e-06,0,0,0,0,0,0,0,0,0,0,0.0010101,0,0,0,0,0.00545935,6.5e-07,0,0,0,0,0,0,0,0,2.535e-05
"90839-587",0.9998,0,0,0,2e-08,0,2.2e-07,0,0,0,0,0,0,0,0,0,0,3.242e-05,0,0,0,0,0.00016718,0,0,0,0,0,0,0,0,0,1.6e-07
"90839-588",1,0,0,0,0,0,0,0,0,0,0,0,0,0,0,0,0,0,0,0,0,0,0,0,0,0,0,0,0,0,0,0,0
"90839-589",1,0,0,0,0,0,0,0,0,0,0,0,0,0,0,0,0,0,0,0,0,0,0,0,0,0,0,0,0,0,0,0,0
"90839-590",0.9993,0,0,0,7e-08,0,5.6e-06,0,0,0,0,0,0,0,0,0,0,6.265e-05,0,0,0,1.4e-07,0.00063126,0,0,7e-08,0,0,0,0,0,0,2.1e-07
"90839-591",1,0,0,0,0,0,0,0,0,0,0,0,0,0,0,0,0,0,0,0,0,0,0,0,0,0,0,0,0,0,0,0,0
"90839-592",1,0,0,0,0,0,0,0,0,0,0,0,0,0,0,0,0,0,0,0,0,0,0,0,0,0,0,0,0,0,0,0,0
"90839-593",1,0,0,0,0,0,0,0,0,0,0,0,0,0,0,0,0,0,0,0,0,0,0,0,0,0,0,0,0,0,0,0,0
"90839-594",0.9932,7.616e-05,7.48e-06,7.208e-05,0,0,0,2.72e-06,0,0,6.8e-07,0,0,0,0,7.208e-05,9.452e-05,0,0,6.8e-07,8.5e-05,0,0,0,7.48e-06,0.0004216,0.00585548,9.52e-06,0,5.44e-06,8.908e-05,0,0
"90839-595",0.9968,4.16e-06,0,4.896e-05,0,0,0,2.56e-06,0,0,0,0,0,9.6e-07,3.2e-07,4.96e-05,0.00017024,0,3.2e-07,3.2e-07,3.2e-06,0,0,0,8.96e-06,0.00016544,0.00266368,1.28e-06,0,1.28e-06,7.424e-05,0,4.48e-06
"90839-596",0.7397,0.00169195,0,0.00434701,0,0,0,0.00010412,0,0,2.603e-05,0,0,0,0,0.00192622,0.00257697,0,0,0.00020824,0.00070281,0,0,0,0.00028633,0.01699759,0.22601849,0.00075487,0,0.00031236,0.00426892,0,7.809e-05
"90839-597",0.9999,4.7e-07,1e-08,1.4e-07,0,0,0,1e-08,0,0,2.4e-07,4e-08,1e-07,0,1.2e-07,3.9e-07,7e-08,0,7e-08,1.2e-07,1.7e-07,0,0,0,2e-07,8.19e-06,8.724e-05,8.3e-07,0,6.8e-07,1.9e-07,0,7.2e-07
"90839-598",0.9815,1.85e-05,0,0.0001258,0,0,0,2.775e-05,0,0,3.7e-06,0,0,0.00011285,0,0.00033485,0.00061235,0,0,0,2.035e-05,0,0,0,1.665e-05,0.0008436,0.01268545,3.885e-05,0,1.85e-06,0.00365745,0,0
"90839-599",0.9997,2.76e-06,0,4.17e-06,0,0,0,7.2e-07,2.4e-07,0,0,0,0,3.6e-07,0,2.07e-06,1.29e-06,0,0,3e-08,1.47e-06,0,0,0,9.9e-07,1.848e-05,0.00025842,6e-08,0,9e-08,8.85e-06,0,0
"90839-600",0.9998,1.22e-06,0,9.66e-06,0,0,0,2.2e-07,0,0,0,0,0,8e-08,0,9.8e-07,3.88e-06,0,0,6e-08,5.6e-07,0,0,0,4.8e-07,1.372e-05,0.00016646,3.4e-07,0,8e-08,2.26e-06,0,0
"90839-601",1,0,0,0,0,0,0,0,0,0,0,0,0,0,0,0,0,0,0,0,0,0,0,0,0,0,0,0,0,0,0,0,0
"90839-602",0.8105,0.0015539,0,0.00255825,0,0,0,0,0,0,1.895e-05,0.0001137,0,1.895e-05,9.475e-05,0.00138335,0.0014402,0,1.895e-05,0.0004169,9.475e-05,0,0,0,7.58e-05,0.0136061,0.16351955,9.475e-05,0,0.0005685,0.00373315,0,0.0001895
"90839-603",1,0,0,0,0,0,0,0,0,0,0,0,0,0,0,0,0,0,0,0,0,0,0,0,0,0,0,0,0,0,0,0,0
"90839-604",0.9999,5e-07,2.6e-07,6.7e-07,0,0,0,1e-08,1e-08,0,8e-08,3e-08,0,1e-08,2e-08,2e-07,2.9e-07,0,0,1e-07,9.2e-07,1e-08,0,0,3.2e-07,7.18e-06,8.665e-05,5.7e-07,0,2.4e-07,1.93e-06,0,0
"90839-605",0.9823,6.549e-05,0,0.00136821,0,0,0,0,1.77e-06,0,0,0,0,5.487e-05,0,0.00012567,0.00048498,0,0,3.54e-06,0.00010266,0,0,0,5.31e-06,0.0006903,0.0143547,1.77e-06,0,5.31e-06,0.00043542,0,0
"90839-606",1,0,0,0,0,0,0,0,0,0,0,0,0,0,0,0,0,0,0,0,0,0,0,0,0,0,0,0,0,0,0,0,0
"90839-607",0.9999,3.8e-07,0,1.739e-05,0,0,0,0,0,0,0,0,0,6.4e-07,0,5.52e-06,7.81e-06,0,0,0,4e-08,0,0,0,2.3e-07,1.21e-06,5.25e-05,0,0,0,1.428e-05,0,0
"90839-609",0.9314,0.0002744,0,0.00111132,0,0,0,0.00016464,0.00019208,0,0,0,0,0,0,0.00039102,0.00046648,0,0,2.744e-05,0.00196882,0,0,0,0.00016464,0.00413658,0.05870788,5.488e-05,0,1.372e-05,0.0009261,0,0
"90839-610",0.9995,1.35e-06,2.5e-07,1.745e-05,0,0,0,5e-08,0,0,2e-07,0,5e-08,0,5e-08,3.1e-06,2.1e-06,0,0,1e-07,2.55e-06,0,0,0,1.5e-07,3.48e-05,0.00043075,5.5e-07,0,8e-07,5.25e-06,0,4.5e-07
"90839-611",0.9989,0,0,0,1.1e-07,0,2.2e-06,0,0,0,0,0,0,0,0,0,0,0.00013222,0,0,0,0,0.00096514,0,0,0,0,0,0,0,0,0,3.3e-07
"90839-612",1,0,0,0,0,0,0,0,0,0,0,0,0,0,0,0,0,0,0,0,0,0,0,0,0,0,0,0,0,0,0,0,0
"90839-613",0.9988,0,0,0,1.2e-07,0,1.08e-06,0,0,0,0,0,0,0,0,0,0,0.0001128,0,0,0,0,0.00108588,0,0,0,0,0,0,0,0,0,1.2e-07
"90839-614",0.9994,0,0,0,6e-08,0,6.6e-07,0,0,6e-08,0,0,0,0,0,0,0,3.774e-05,0,0,0,0,0.00056124,0,0,0,0,0,0,0,0,0,2.4e-07
"90839-615",0.9989,0,0,0,1.1e-07,0,7.7e-07,0,0,1.1e-07,0,0,0,0,0,0,0,0.00011539,0,0,0,0,0.0009834,0,0,0,0,0,0,0,0,0,2.2e-07
"90839-616",0.9992,0,0,0,8e-08,0,3.2e-07,0,0,0,0,0,0,0,0,0,0,2.92e-05,0,0,0,0,0.00077024,0,0,0,0,0,0,0,0,0,1.6e-07
"90839-617",1,0,0,0,0,0,0,0,0,0,0,0,0,0,0,0,0,0,0,0,0,0,0,0,0,0,0,0,0,0,0,0,0
"90839-618",1,0,0,0,0,0,0,0,0,0,0,0,0,0,0,0,0,0,0,0,0,0,0,0,0,0,0,0,0,0,0,0,0
"90839-619",0.9997,0,0,0,3e-08,0,9e-08,0,0,6e-08,0,0,0,0,0,0,0,3.507e-05,0,0,0,0,0.00026463,0,0,0,0,0,0,0,0,0,1.2e-07
"90839-620",1,0,0,0,0,0,0,0,0,0,0,0,0,0,0,0,0,0,0,0,0,0,0,0,0,0,0,0,0,0,0,0,0
"90839-621",0.9999,0,0,0,1e-08,0,7e-08,0,0,0,0,0,0,0,0,0,0,1.115e-05,0,0,0,0,8.866e-05,0,0,1e-08,1e-08,0,0,0,0,0,9e-08
"90839-622",1,0,0,0,0,0,0,0,0,0,0,0,0,0,0,0,0,0,0,0,0,0,0,0,0,0,0,0,0,0,0,0,0
"90839-623",1,0,0,0,0,0,0,0,0,0,0,0,0,0,0,0,0,0,0,0,0,0,0,0,0,0,0,0,0,0,0,0,0
"90839-624",1,0,0,0,0,0,0,0,0,0,0,0,0,0,0,0,0,0,0,0,0,0,0,0,0,0,0,0,0,0,0,0,0
"90839-625",1,0,0,0,0,0,0,0,0,0,0,0,0,0,0,0,0,0,0,0,0,0,0,0,0,0,0,0,0,0,0,0,0
"90839-626",1,0,0,0,0,0,0,0,0,0,0,0,0,0,0,0,0,0,0,0,0,0,0,0,0,0,0,0,0,0,0,0,0
"90839-627",0.9999,0,0,0,1e-08,0,7e-08,0,0,0,0,0,0,0,0,0,0,1.717e-05,0,0,0,0,8.273e-05,0,0,0,0,0,0,0,0,0,2e-08
"90839-628",1,0,0,0,0,0,0,0,0,0,0,0,0,0,0,0,0,0,0,0,0,0,0,0,0,0,0,0,0,0,0,0,0
"90839-629",0.4884,0,0,0,5.116e-05,0,0.00092088,0,0,0,0,0,0,0,0,0,0,0.0491136,0,0,0,5.116e-05,0.46136088,0,0,0,0,0,0,0,0,0,0.00010232
"90839-630",0.9997,0,0,0,3e-08,0,9.9e-07,0,0,0,0,0,0,0,0,0,0,3.144e-05,0,0,0,0,0.00026745,0,0,0,0,0,0,0,0,0,9e-08
"90839-631",1,0,0,0,0,0,0,0,0,0,0,0,0,0,0,0,0,0,0,0,0,0,0,0,0,0,0,0,0,0,0,0,0
"90839-632",0.9985,0,0,0,1.5e-07,0,1.05e-06,0,0,0,0,0,0,0,0,0,0,0.0001752,0,0,0,0,0.00132315,0,0,0,0,0,0,0,0,0,4.5e-07
"90839-633",0.9999,0,0,0,1e-08,0,1.1e-07,0,0,0,0,0,0,0,0,0,0,1.543e-05,0,0,0,0,8.441e-05,0,0,0,0,0,0,0,0,0,4e-08
"90839-634",0.9998,0,0,0,2e-08,0,1.6e-07,0,0,0,0,0,0,0,0,0,0,2.396e-05,0,0,0,0,0.00017582,0,0,0,0,0,0,0,0,0,4e-08
"90839-635",1,0,0,0,0,0,0,0,0,0,0,0,0,0,0,0,0,0,0,0,0,0,0,0,0,0,0,0,0,0,0,0,0
"90839-636",0.9961,0,0,0,3.9e-07,0,1.56e-06,0,0,0,0,0,0,0,0,0,0,0.00053586,0,0,0,0,0.00335985,0,0,0,0,0,0,0,0,0,2.34e-06
"90839-637",0.9992,0,0,0,8e-08,0,7.2e-07,0,0,0,0,0,0,0,0,0,0,3.008e-05,0,0,0,0,0.00076896,0,0,0,0,0,0,0,0,0,1.6e-07
"90839-638",0.7651,0,0,0,0,0,0,0,0,0,0,0,0,0,0.0007047,0,0,0.02917458,0,0,0,0,0.14545008,0.00270135,0,0.00826848,0.00436914,0,0,0,0,0,0.04423167
"90839-639",1,0,0,0,0,0,0,0,0,0,0,0,0,0,0,0,0,0,0,0,0,0,0,0,0,0,0,0,0,0,0,0,0
"90839-640",1,0,0,0,0,0,0,0,0,0,0,0,0,0,0,0,0,0,0,0,0,0,0,0,0,0,0,0,0,0,0,0,0
"90839-641",0.9319,0,0,0,6.81e-06,0,0.00012258,0,0,0,0,0,0,0,0,0,0,0.00849207,0,0,0,6.81e-06,0.05943768,0,0,1.362e-05,6.81e-06,0,0,0,0,0,1.362e-05
