"mixture_collection","indiv","repunit","collection","PofZ","log_likelihood","z_score","n_non_miss_loci"
"JSOES_May2024","90839-001","chinook","chinook",1,-113.543454643944,3.39811022945207,176
"JSOES_May2024","90839-002","chinook","chinook",1,-124.414607048073,2.12360135997038,176
"JSOES_May2024","90839-003","chinook","chinook",1,-168.554980890461,-3.05131440544466,176
"JSOES_May2024","90839-004","chinook","chinook",1,-132.568131778427,1.16770089973712,176
"JSOES_May2024","90839-005","chinook","chinook",1,-219.371619907005,-9.00894012314046,176
"JSOES_May2024","90839-006","chinook","chinook",1,-109.985995063488,3.81517859714337,176
"JSOES_May2024","90839-007","chinook","chinook",1,-121.93161960633,2.41470108883737,176
"JSOES_May2024","90839-008","chinook","chinook",1,-146.878289996123,-0.509989090627863,176
"JSOES_May2024","90839-009","chinook","chinook",1,-208.800241055082,-7.76957601448273,176
"JSOES_May2024","90839-010","chinook","chinook",1,-108.346173773493,4.00742746835491,176
"JSOES_May2024","90839-011","chinook","chinook",1,-147.508866860677,-0.583916469886921,176
"JSOES_May2024","90839-012","chinook","chinook",1,-135.93494823858,0.77298309238197,176
"JSOES_May2024","90839-013","chinook","chinook",1,-150.91874665387,-0.983682923224429,176
"JSOES_May2024","90839-014","chinook","chinook",1,-154.374106578874,-1.38878136246598,176
"JSOES_May2024","90839-015","chinook","chinook",1,-234.892948256066,-10.8286249101461,176
"JSOES_May2024","90839-016","chinook","chinook",1,-182.597858235732,-4.69766900192622,176
"JSOES_May2024","90839-017","chinook","chinook",1,-156.607791036594,-1.65065338367924,176
"JSOES_May2024","90839-018","chinook","chinook",1,-139.301319227001,0.378317511106606,176
"JSOES_May2024","90839-019","chinook","chinook",1,-203.542330684558,-7.15315071263273,176
"JSOES_May2024","90839-020","chinook","chinook",1,-208.950981131059,-7.78724843380647,176
"JSOES_May2024","90839-021","chinook","chinook",1,-219.800330000493,-9.05920110709821,176
"JSOES_May2024","90839-022","chinook","chinook",1,-150.40416196708,-0.923354199733881,176
"JSOES_May2024","90839-023","chinook","chinook",1,-177.468561322283,-4.09632204556194,176
"JSOES_May2024","90839-024","chinook","chinook",1,-193.821184221145,-6.01346589095329,176
"JSOES_May2024","90839-025","chinook","chinook",1,-155.490255668007,-1.51963611096751,176
"JSOES_May2024","90839-026","chinook","chinook",1,-190.74525991981,-5.65285161031672,176
"JSOES_May2024","90839-027","chinook","chinook",1,-229.716699013188,-10.22177337082,176
"JSOES_May2024","90839-028","chinook","chinook",1,-215.73638245936,-8.5827532574375,176
"JSOES_May2024","90839-029","chinook","chinook",1,-223.978954236186,-9.54909338830647,176
"JSOES_May2024","90839-030","chinook","chinook",1,-209.14975160383,-7.81055182622712,176
"JSOES_May2024","90839-031","chinook","chinook",1,-225.736052267639,-9.75509151457547,176
"JSOES_May2024","90839-032","chinook","chinook",1,-231.0974102543,-10.3836447766814,176
"JSOES_May2024","90839-033","chinook","chinook",1,-207.805176116906,-7.65291689295902,176
"JSOES_May2024","90839-034","chinook","chinook",1,-228.30399991088,-10.0561517817862,176
"JSOES_May2024","90839-035","chinook","chinook",1,-229.583232038574,-10.2061260101167,176
"JSOES_May2024","90839-036","chinook","chinook",1,-220.971077395526,-9.19645683523289,176
"JSOES_May2024","90839-038","chinook","chinook",1,-180.592316453896,-4.46254390257661,176
"JSOES_May2024","90839-039","chinook","chinook",1,-193.856452593833,-6.01760067373736,176
"JSOES_May2024","90839-040","chinook","chinook",1,-152.718256885952,-1.19465335821176,176
"JSOES_May2024","90839-041","chinook","chinook",1,-165.344710496129,-2.67494969829025,176
"JSOES_May2024","90839-042","chinook","chinook",1,-206.309100601282,-7.47752044526012,176
"JSOES_May2024","90839-043","chinook","chinook",1,-143.866494931508,-0.156893174002246,176
"JSOES_May2024","90839-044","chinook","chinook",1,-147.820868783869,-0.620494856760904,176
"JSOES_May2024","90839-045","chinook","chinook",1,-144.406389650048,-0.220189187321298,176
"JSOES_May2024","90839-046","chinook","chinook",1,-257.14139144172,-13.4369811467401,176
"JSOES_May2024","90839-047","chinook","chinook",1,-156.782218579724,-1.67110286709533,176
"JSOES_May2024","90839-048","chinook","chinook",1,-175.587354286971,-3.87577366552771,176
"JSOES_May2024","90839-049","chinook","chinook",1,-168.98064266422,-3.10121801141822,176
"JSOES_May2024","90839-050","chinook","chinook",1,-168.204954132381,-3.01027807450702,176
"JSOES_May2024","90839-051","chinook","chinook",1,-177.691176574288,-4.12242094498079,176
"JSOES_May2024","90839-052","chinook","chinook",1,-212.639228188939,-8.219650024122,176
"JSOES_May2024","90839-053","chinook","chinook",1,-184.50609125002,-4.92138584548952,176
"JSOES_May2024","90839-054","chinook","chinook",1,-159.648178951433,-2.00710146021032,176
"JSOES_May2024","90839-055","chinook","chinook",1,-158.172861899593,-1.83413868699462,176
"JSOES_May2024","90839-056","chinook","chinook",1,-151.752792784531,-1.08146457061268,176
"JSOES_May2024","90839-057","chinook","chinook",1,-201.524288143382,-6.91656005304972,176
"JSOES_May2024","90839-058","chinook","chinook",1,-211.991339373483,-8.14369303161188,176
"JSOES_May2024","90839-059","chinook","chinook",1,-139.408536367738,0.365747620468574,176
"JSOES_May2024","90839-060","chinook","chinook",1,-185.151889530209,-4.99709774845988,176
"JSOES_May2024","90839-061","chinook","chinook",1,-140.691053005624,0.21538832372811,176
"JSOES_May2024","90839-062","chinook","chinook",1,-286.590201911055,-16.8894918598265,176
"JSOES_May2024","90839-063","chinook","chinook",1,-175.632264020004,-3.88103877919257,176
"JSOES_May2024","90839-064","chinook","chinook",1,-286.70430324643,-16.9028688375883,176
"JSOES_May2024","90839-065","chinook","chinook",1,-208.194006810263,-7.69850250789544,176
"JSOES_May2024","90839-066","chinook","chinook",1,-217.462279148742,-8.78509341022482,176
"JSOES_May2024","90839-067","chinook","chinook",1,-140.761305937481,0.207152031803268,176
"JSOES_May2024","90839-068","chinook","chinook",1,-215.82925965269,-8.5936419656692,176
"JSOES_May2024","90839-069","chinook","chinook",1,-154.665532347499,-1.42294744836932,176
"JSOES_May2024","90839-070","chinook","chinook",1,-212.736145942767,-8.23101243836032,176
"JSOES_May2024","90839-071","chinook","chinook",1,-159.152027062961,-1.94893375554016,176
"JSOES_May2024","90839-072","chinook","chinook",1,-157.152054278003,-1.71446155255795,176
"JSOES_May2024","90839-073","chinook","chinook",1,-215.739983021187,-8.58317537901331,176
"JSOES_May2024","90839-074","chinook","chinook",1,-195.758252531003,-6.24056331815601,176
"JSOES_May2024","90839-075","chinook","chinook",1,-171.406305871455,-3.38559717906033,176
"JSOES_May2024","90839-076","chinook","chinook",1,-147.691062939531,-0.605276718538782,176
"JSOES_May2024","90839-077","chinook","chinook",1,-163.030566557997,-2.40364479290726,176
"JSOES_May2024","90839-078","chinook","chinook",1,-192.965620720923,-5.91316159671647,176
"JSOES_May2024","90839-079","chinook","chinook",1,-118.113963571721,2.86227428953055,176
"JSOES_May2024","90839-080","chinook","chinook",1,-194.286542087216,-6.06802337536184,176
"JSOES_May2024","90839-081","chinook","chinook",1,-268.161365859782,-14.7289375663692,176
"JSOES_May2024","90839-082","chinook","chinook",1,-215.776794622706,-8.58749108639111,176
"JSOES_May2024","90839-083","chinook","chinook",1,-162.638156499416,-2.35763954143595,176
"JSOES_May2024","90839-084","chinook","chinook",1,-194.89428144614,-6.13927333806005,176
"JSOES_May2024","90839-085","chinook","chinook",1,-237.353917806744,-11.1171433121761,176
"JSOES_May2024","90839-086","chinook","chinook",1,-178.39716583238,-4.20518949956886,176
"JSOES_May2024","90839-087","chinook","chinook",1,-156.298068591252,-1.61434223753845,176
"JSOES_May2024","90839-088","chinook","chinook",1,-157.169354854237,-1.7164898322691,176
"JSOES_May2024","90839-089","chinook","chinook",1,-189.959379374856,-5.56071678526207,176
"JSOES_May2024","90839-090","chinook","chinook",1,-178.31039647429,-4.19501685987318,176
"JSOES_May2024","90839-091","chinook","chinook",1,-161.25602122312,-2.19560118496934,176
"JSOES_May2024","90839-092","chinook","chinook",1,-117.671783774484,2.91411443053244,176
"JSOES_May2024","90839-093","chinook","chinook",1,-136.636141554112,0.690776803053592,176
"JSOES_May2024","90839-094","chinook","chinook",1,-147.471307111531,-0.579513051404492,176
"JSOES_May2024","90839-095","chinook","chinook",1,-154.312906154296,-1.38160636564488,176
"JSOES_May2024","90839-096","chinook","chinook",1,-200.524373828163,-6.79933240173064,176
"JSOES_May2024","90839-097","chinook","chinook",1,-150.470869505714,-0.931174837922882,176
"JSOES_May2024","90839-098","chinook","chinook",1,-121.700084919001,2.44184568231035,176
"JSOES_May2024","90839-099","chinook","chinook",1,-233.694822866658,-10.6881594490078,176
"JSOES_May2024","90839-100","chinook","chinook",1,-135.931232033687,0.77341877168441,176
"JSOES_May2024","90839-101","chinook","chinook",1,-174.903026648336,-3.79554466931379,176
"JSOES_May2024","90839-102","chinook","chinook",1,-152.622782805677,-1.18346019693564,176
"JSOES_May2024","90839-103","chum","chum",0.995325625929044,-372.176045442846,-104.91584146636,176
"JSOES_May2024","90839-104","chinook","chinook",1,-131.556157899631,1.28634238651445,176
"JSOES_May2024","90839-105","chinook","chinook",1,-162.294816393079,-2.31738713814806,176
"JSOES_May2024","90839-106","chinook","chinook",1,-205.798133144159,-7.41761579744453,176
"JSOES_May2024","90839-107","chinook","chinook",1,-131.730365428809,1.2659186970274,176
"JSOES_May2024","90839-108","chinook","chinook",1,-156.902966078568,-1.68525902575478,176
"JSOES_May2024","90839-109","chinook","chinook",1,-226.9158178382,-9.89340451283847,176
"JSOES_May2024","90839-110","chinook","chinook",1,-174.05203638097,-3.69577653036387,176
"JSOES_May2024","90839-111","chinook","chinook",1,-231.676566834633,-10.4515437602494,176
"JSOES_May2024","90839-112","chinook","chinook",1,-172.833296498875,-3.55289427358207,176
"JSOES_May2024","90839-113","chinook","chinook",1,-159.530573902971,-1.99331371519586,176
"JSOES_May2024","90839-114","chinook","chinook",1,-222.00100243449,-9.31720287468334,176
"JSOES_May2024","90839-115","chinook","chinook",1,-169.829673791927,-3.20075646534679,176
"JSOES_May2024","90839-116","chinook","chinook",1,-178.031760120586,-4.16235017551858,176
"JSOES_May2024","90839-117","chum","chum",0.99999999717756,-498.347901626571,-145.940788841533,176
"JSOES_May2024","90839-118","chinook","chinook",1,-182.753385875061,-4.71590270415075,176
"JSOES_May2024","90839-119","chinook","chinook",1,-195.359602377127,-6.19382649228441,176
"JSOES_May2024","90839-120","chinook","chinook",1,-177.163072311838,-4.06050721757797,176
"JSOES_May2024","90839-121","chinook","chinook",1,-155.749293246559,-1.55000508006292,176
"JSOES_May2024","90839-122","chinook","chinook",1,-199.307559665869,-6.65667591190295,176
"JSOES_May2024","90839-123","chinook","chinook",1,-179.153191313452,-4.29382418569602,176
"JSOES_May2024","90839-124","chinook","chinook",1,-161.140518949032,-2.18205996437952,176
"JSOES_May2024","90839-125","chinook","chinook",1,-142.906070844123,-0.0442952660406828,176
"JSOES_May2024","90839-126","chinook","chinook",1,-155.404133985558,-1.50953940327217,176
"JSOES_May2024","90839-127","chinook","chinook",1,-135.70426315654,0.800028080087702,176
"JSOES_May2024","90839-128","chinook","chinook",1,-163.743207926896,-2.48719322564526,176
"JSOES_May2024","90839-129","chinook","chinook",1,-167.509109891073,-2.92869889832072,176
"JSOES_May2024","90839-130","chinook","chinook",1,-197.441695072166,-6.43792624438631,176
"JSOES_May2024","90839-131","chinook","chinook",1,-230.475975973998,-10.3107892529428,176
"JSOES_May2024","90839-132","chinook","chinook",1,-220.167254014748,-9.10221843343212,176
"JSOES_May2024","90839-133","chinook","chinook",1,-262.576071341185,-14.0741305010286,176
"JSOES_May2024","90839-134","chinook","chinook",1,-141.738160357472,0.0926278694892586,176
"JSOES_May2024","90839-135","chinook","chinook",1,-173.493297740819,-3.6302712990763,176
"JSOES_May2024","90839-136","chinook","chinook",1,-200.513039894629,-6.79800363746731,176
"JSOES_May2024","90839-137","chinook","chinook",1,-172.299814061021,-3.49035002128183,176
"JSOES_May2024","90839-138","chinook","chinook",1,-214.385349559505,-8.42436127194995,176
"JSOES_May2024","90839-139","chinook","chinook",1,-171.623577158159,-3.41106956429544,176
"JSOES_May2024","90839-140","chinook","chinook",1,-152.803443385426,-1.204640427209,176
"JSOES_May2024","90839-141","chinook","chinook",1,-194.079214830498,-6.04371680529917,176
"JSOES_May2024","90839-142","chinook","chinook",1,-254.716609112296,-13.1527052511838,176
"JSOES_May2024","90839-143","chinook","chinook",1,-186.712655627139,-5.18007837091607,176
"JSOES_May2024","90839-144","chinook","chinook",1,-149.651325619601,-0.83509340028396,176
"JSOES_May2024","90839-145","chinook","chinook",1,-182.924371800469,-4.73594870023171,176
"JSOES_May2024","90839-146","chinook","chinook",1,-218.818253166354,-8.94406468097769,176
"JSOES_May2024","90839-147","chinook","chinook",1,-272.125194426289,-15.1936476980383,176
"JSOES_May2024","90839-148","chinook","chinook",1,-175.051820580141,-3.81298892717722,176
"JSOES_May2024","90839-149","chinook","chinook",1,-144.526934337294,-0.234321568816127,176
"JSOES_May2024","90839-150","chinook","chinook",1,-271.745109709111,-15.1490874412054,176
"JSOES_May2024","90839-151","chinook","chinook",1,-177.38501309238,-4.08652704351591,176
"JSOES_May2024","90839-152","chinook","chinook",1,-216.580865983483,-8.68175856079577,176
"JSOES_May2024","90839-153","chinook","chinook",1,-210.716183230877,-7.99419666238534,176
"JSOES_May2024","90839-154","chinook","chinook",1,-197.34031166116,-6.42604028678564,176
"JSOES_May2024","90839-155","chinook","chinook",1,-153.495323870408,-1.28575490173295,176
"JSOES_May2024","90839-156","chinook","chinook",1,-159.336715965751,-1.97058625712875,176
"JSOES_May2024","90839-157","chinook","chinook",1,-231.901187342876,-10.4778777512911,176
"JSOES_May2024","90839-158","chinook","chinook",1,-149.082465913365,-0.768401598519452,176
"JSOES_May2024","90839-159","chinook","chinook",1,-175.420290958819,-3.85618754571453,176
"JSOES_May2024","90839-160","chinook","chinook",1,-196.001542353899,-6.26908605664854,176
"JSOES_May2024","90839-161","chinook","chinook",1,-251.625638320355,-12.7903269546436,176
"JSOES_May2024","90839-162","chinook","chinook",1,-286.553886410496,-16.8852343141826,176
"JSOES_May2024","90839-163","chinook","chinook",1,-217.619650065558,-8.80354321405649,176
"JSOES_May2024","90839-164","chum","chum",0.920970690150786,-496.825297119322,-145.44571195456,176
"JSOES_May2024","90839-165","chinook","chinook",1,-271.545037586139,-15.1256314463131,176
"JSOES_May2024","90839-166","chinook","chinook",1,-244.862814766243,-11.9974690972575,176
"JSOES_May2024","90839-167","chinook","chinook",1,-203.600704515513,-7.15999432612761,176
"JSOES_May2024","90839-168","chinook","chinook",1,-234.488055502563,-10.7811562162722,176
"JSOES_May2024","90839-169","chinook","chinook",1,-183.738071607297,-4.8313449914754,176
"JSOES_May2024","90839-170","chinook","chinook",1,-231.090323402803,-10.3828139305343,176
"JSOES_May2024","90839-171","chinook","chinook",1,-178.272352038778,-4.19055661787748,176
"JSOES_May2024","90839-172","chinook","chinook",1,-156.512169960762,-1.63944298898272,176
"JSOES_May2024","90839-173","chinook","chinook",1,-223.937379147533,-9.5442192206683,176
"JSOES_May2024","90839-174","chinook","chinook",1,-182.954069662448,-4.73943040917023,176
"JSOES_May2024","90839-175","chinook","chinook",1,-181.680206891335,-4.59008567183864,176
"JSOES_May2024","90839-176","chinook","chinook",1,-190.974195774058,-5.67969152258501,176
"JSOES_May2024","90839-177","chinook","chinook",1,-183.232431814322,-4.77206494673372,176
"JSOES_May2024","90839-178","chinook","chinook",1,-150.121019346103,-0.890159210983046,176
"JSOES_May2024","90839-179","chinook","chinook",1,-208.948506721979,-7.78695833978503,176
"JSOES_May2024","90839-180","chinook","chinook",1,-152.527025805542,-1.17223386678679,176
"JSOES_May2024","90839-181","chinook","chinook",1,-151.447927074814,-1.04572281697055,176
"JSOES_May2024","90839-182","chinook","chinook",1,-192.855808833987,-5.90028750401024,176
"JSOES_May2024","90839-183","chinook","chinook",1,-156.281118615111,-1.61235506137473,176
"JSOES_May2024","90839-184","chinook","chinook",1,-163.236477459673,-2.42778531276692,176
"JSOES_May2024","90839-185","chinook","chinook",1,-174.279165572807,-3.72240463369216,176
"JSOES_May2024","90839-186","chinook","chinook",1,-270.2214320364,-14.9704549801828,176
"JSOES_May2024","90839-187","chinook","chinook",1,-185.981097044094,-5.09431212756157,176
"JSOES_May2024","90839-188","chinook","chinook",1,-214.190725201671,-8.40154396049527,176
"JSOES_May2024","90839-189","chinook","chinook",1,-196.626563841006,-6.34236213625094,176
"JSOES_May2024","90839-190","chinook","chinook",1,-173.132006470482,-3.58791434266612,176
"JSOES_May2024","90839-191","chinook","chinook",1,-201.661479453473,-6.9326440462665,176
"JSOES_May2024","90839-192","chinook","chinook",1,-200.06810266631,-6.74584022159616,176
"JSOES_May2024","90839-193","chinook","chinook",1,-215.940284014317,-8.60665820611572,176
"JSOES_May2024","90839-194","chum","chum",0.999999397917189,-472.532479406397,-137.546869864005,176
"JSOES_May2024","90839-195","chinook","chinook",1,-138.857271939853,0.430376592324577,176
"JSOES_May2024","90839-196","chinook","chinook",1,-115.398648065357,3.18061162559683,176
"JSOES_May2024","90839-197","chinook","chinook",1,-139.825091946659,0.316911603804411,176
"JSOES_May2024","90839-198","chinook","chinook",1,-124.588558237336,2.1032077231847,176
"JSOES_May2024","90839-199","chum","chum",0.99999999999904,-236.293573959043,-60.7334745705748,176
"JSOES_May2024","90839-200","chinook","chinook",1,-199.059908811308,-6.62764189610231,176
"JSOES_May2024","90839-201","chinook","chinook",1,-222.39622193378,-9.36353749851273,176
"JSOES_May2024","90839-202","chinook","chinook",1,-118.935228996977,2.76599102260755,176
"JSOES_May2024","90839-203","chinook","chinook",1,-117.827258510751,2.89588693054107,176
"JSOES_May2024","90839-204","chinook","chinook",1,-146.79211853455,-0.499886546942638,176
"JSOES_May2024","90839-205","chinook","chinook",1,-173.322248567058,-3.61021788790418,176
"JSOES_May2024","90839-206","chum","chum",1,-254.871491864733,-66.7741093640537,176
"JSOES_May2024","90839-207","chinook","chinook",1,-156.59507584757,-1.64916268420368,176
"JSOES_May2024","90839-208","chinook","chinook",1,-210.543324865513,-7.97393114575658,176
"JSOES_May2024","90839-209","chinook","chinook",1,-213.796554557166,-8.35533230198517,176
"JSOES_May2024","90839-210","chinook","chinook",1,-167.70093747266,-2.95118832216977,176
"JSOES_May2024","90839-211","chinook","chinook",1,-186.151401902651,-5.11427827693357,176
"JSOES_May2024","90839-212","chinook","chinook",1,-198.244490301165,-6.53204410804064,176
"JSOES_May2024","90839-213","chum","chum",0.999999999999627,-235.214193032302,-60.3825124221477,176
"JSOES_May2024","90839-214","chinook","chinook",1,-183.264171823064,-4.77578607225524,176
"JSOES_May2024","90839-215","chinook","chinook",1,-113.856821678446,3.36137180007226,176
"JSOES_May2024","90839-216","chinook","chinook",1,-190.699625904951,-5.64750158351864,176
"JSOES_May2024","90839-217","chinook","chinook",1,-140.400383652836,0.249465729180805,176
"JSOES_May2024","90839-218","chinook","chinook",1,-208.572270868914,-7.74284931491604,176
"JSOES_May2024","90839-219","chinook","chinook",1,-240.279155283959,-11.4600914166139,176
"JSOES_May2024","90839-220","chinook","chinook",1,-188.564235987221,-5.39715338778239,176
"JSOES_May2024","90839-221","chinook","chinook",1,-138.90290537895,0.425026633027493,176
"JSOES_May2024","90839-222","chinook","chinook",1,-173.655392922803,-3.64927496487538,176
"JSOES_May2024","90839-223","chinook","chinook",1,-141.095228184781,0.168003756617682,176
"JSOES_May2024","90839-224","chinook","chinook",1,-124.956605097185,2.06005875701947,176
"JSOES_May2024","90839-225","chinook","chinook",1,-154.62460797076,-1.4181495686973,176
"JSOES_May2024","90839-226","chinook","chinook",1,-163.226659514994,-2.42663427954533,176
"JSOES_May2024","90839-227","chinook","chinook",1,-116.111779028813,3.09700579392056,176
"JSOES_May2024","90839-228","chinook","chinook",1,-181.295709781761,-4.54500811628388,176
"JSOES_May2024","90839-229","chinook","chinook",1,-168.865931189431,-3.08776950231687,176
"JSOES_May2024","90839-230","chinook","chinook",1,-162.589796208668,-2.35196989233177,176
"JSOES_May2024","90839-231","chinook","chinook",1,-145.346240097992,-0.330375089179834,176
"JSOES_May2024","90839-232","chum","chum",0.999999999999862,-265.867791584372,-70.3495708890308,176
"JSOES_May2024","90839-233","chinook","chinook",1,-155.81124249079,-1.55726786677547,176
"JSOES_May2024","90839-234","chinook","chinook",1,-150.15390261493,-0.894014369683782,176
"JSOES_May2024","90839-235","sockeye","sockeye",1,-210.437581641572,-112.473527091943,176
"JSOES_May2024","90839-236","chinook","chinook",1,-216.023770994984,-8.61644602744238,176
"JSOES_May2024","90839-237","chinook","chinook",1,-148.518681136628,-0.702304769800695,176
"JSOES_May2024","90839-238","chinook","chinook",1,-221.158544277052,-9.21843502065039,176
"JSOES_May2024","90839-239","chinook","chinook",1,-178.195713801311,-4.1815717274296,176
"JSOES_May2024","90839-240","chinook","chinook",1,-153.10074978418,-1.23949594464447,176
"JSOES_May2024","90839-241","chinook","chinook",1,-163.650239384914,-2.47629380790799,176
"JSOES_May2024","90839-242","chinook","chinook",1,-267.285649990821,-14.6262706548362,176
"JSOES_May2024","90839-243","chinook","chinook",1,-155.201357425493,-1.48576634640398,176
"JSOES_May2024","90839-244","chinook","chinook",1,-255.121884401186,-13.2002187926255,176
"JSOES_May2024","90839-245","chinook","chinook",1,-142.534379916615,-0.000719077776142251,176
"JSOES_May2024","90839-246","chinook","chinook",1,-168.18119236031,-3.00749229907744,176
"JSOES_May2024","90839-247","chinook","chinook",1,-123.672043698136,2.21065777684923,176
"JSOES_May2024","90839-248","chinook","chinook",1,-181.556224884648,-4.57555030692941,176
"JSOES_May2024","90839-249","chum","chum",1,-252.94795279761,-66.1486680700151,176
"JSOES_May2024","90839-250","chinook","chinook",1,-244.382319634523,-11.9411369546884,176
"JSOES_May2024","90839-251","chinook","chinook",1,-270.379883762771,-14.9890314956374,176
"JSOES_May2024","90839-252","chinook","chinook",1,-180.957654311778,-4.50537527159054,176
"JSOES_May2024","90839-253","chinook","chinook",1,-231.911990327124,-10.4791442682829,176
"JSOES_May2024","90839-254","chum","chum",0.99998406976301,-546.168120365519,-161.489596765686,176
"JSOES_May2024","90839-255","chinook","chinook",1,-229.038515594204,-10.1422647087666,176
"JSOES_May2024","90839-256","chinook","chinook",1,-209.096312136166,-7.80428670611973,176
"JSOES_May2024","90839-257","chinook","chinook",1,-238.180134733818,-11.214007081768,176
"JSOES_May2024","90839-258","chinook","chinook",1,-259.73714007382,-13.7413007378536,176
"JSOES_May2024","90839-259","chum","chum",1,-275.143451422469,-73.3655640608663,176
"JSOES_May2024","90839-260","chinook","chinook",1,-229.415771123263,-10.1864932781006,176
"JSOES_May2024","90839-261","chinook","chinook",1,-359.64958946105,-25.4548061862078,176
"JSOES_May2024","90839-262","chinook","chinook",1,-221.29521897769,-9.23445844776471,176
"JSOES_May2024","90839-263","chinook","chinook",1,-190.43535338991,-5.61651888252632,176
"JSOES_May2024","90839-264","chinook","chinook",1,-140.398082578842,0.249735501796091,176
"JSOES_May2024","90839-265","chinook","chinook",1,-245.04738086593,-12.0191072016932,176
"JSOES_May2024","90839-266","chinook","chinook",1,-212.248000870621,-8.17378343439499,176
"JSOES_May2024","90839-267","chinook","chinook",1,-133.287426547534,1.08337243768277,176
"JSOES_May2024","90839-268","chinook","chinook",1,-196.143779139158,-6.28576156975335,176
"JSOES_May2024","90839-269","chinook","chinook",1,-199.804193605689,-6.71490013116293,176
"JSOES_May2024","90839-270","chinook","chinook",1,-267.383464067641,-14.6377381519177,176
"JSOES_May2024","90839-271","chinook","chinook",1,-260.3735227458,-13.8159087766034,176
"JSOES_May2024","90839-272","chinook","chinook",1,-219.394513083888,-9.01162406647077,176
"JSOES_May2024","90839-273","chinook","chinook",1,-222.513477505316,-9.37728427165729,176
"JSOES_May2024","90839-274","chinook","chinook",1,-252.585770690851,-12.902890662389,176
"JSOES_May2024","90839-275","chinook","chinook",1,-163.581712861996,-2.46825991619102,176
"JSOES_May2024","90839-276","chinook","chinook",1,-208.172662165572,-7.69600011091277,176
"JSOES_May2024","90839-277","chum","chum",0.999999999999373,-240.378979006226,-62.0618494723668,176
"JSOES_May2024","90839-278","chinook","chinook",1,-191.361623649429,-5.72511267437177,176
"JSOES_May2024","90839-279","chinook","chinook",1,-248.416095408722,-12.4140475358853,176
"JSOES_May2024","90839-280","chinook","chinook",1,-169.370844890666,-3.14696442173515,176
"JSOES_May2024","90839-281","chinook","chinook",1,-162.171545504006,-2.3029351430299,176
"JSOES_May2024","90839-282","chinook","chinook",1,-170.260175615919,-3.25122750766218,176
"JSOES_May2024","90839-283","chinook","chinook",1,-209.800331959379,-7.88682436869853,176
"JSOES_May2024","90839-284","chinook","chinook",1,-200.185501477741,-6.75960378785603,176
"JSOES_May2024","90839-285","chinook","chinook",1,-179.171577291168,-4.29597971537703,176
"JSOES_May2024","90839-286","chinook","chinook",1,-170.423241951911,-3.27034502932041,176
"JSOES_May2024","90839-287","chinook","chinook",1,-200.71304667741,-6.82145197202605,176
"JSOES_May2024","90839-288","chinook","chinook",1,-213.775254965168,-8.35283518687642,176
"JSOES_May2024","90839-289","chinook","chinook",1,-176.67354782431,-4.00311649413036,176
"JSOES_May2024","90839-290","chinook","chinook",1,-231.691373712483,-10.4532796845054,176
"JSOES_May2024","90839-291","chinook","chinook",1,-218.987004579109,-8.96384870794178,176
"JSOES_May2024","90839-292","chinook","chinook",1,-208.288723164293,-7.70960683509181,176
"JSOES_May2024","90839-293","chinook","chinook",1,-222.149670448322,-9.33463237021365,176
"JSOES_May2024","90839-294","chinook","chinook",1,-234.110344392401,-10.736874235659,176
"JSOES_May2024","90839-295","chinook","chinook",1,-212.354641083805,-8.18628568737552,176
"JSOES_May2024","90839-296","chinook","chinook",1,-211.242025278429,-8.05584517292388,176
"JSOES_May2024","90839-297","chum","chum",0.999999999999881,-258.913916369776,-68.0885090852249,176
"JSOES_May2024","90839-298","chinook","chinook",1,-248.964540251132,-12.4783459460343,176
"JSOES_May2024","90839-299","chinook","chinook",1,-217.948843520447,-8.8421370965111,176
"JSOES_May2024","90839-300","chinook","chinook",1,-230.836618721206,-10.3530701779951,176
"JSOES_May2024","90839-301","chinook","chinook",1,-196.346438719109,-6.30952091214227,176
"JSOES_May2024","90839-302","chinook","chinook",1,-223.278073519293,-9.46692374732261,176
"JSOES_May2024","90839-303","chum","chum",0.999999999293235,-426.894862171904,-122.707737731027,176
"JSOES_May2024","90839-304","chinook","chinook",1,-249.554710497842,-12.5475361464817,176
"JSOES_May2024","90839-305","chinook","chinook",1,-225.129745299691,-9.68400948209623,176
"JSOES_May2024","90839-306","chinook","chinook",1,-252.817438872296,-12.9300509064046,176
"JSOES_May2024","90839-307","chinook","chinook",1,-267.591043557473,-14.6620742932097,176
"JSOES_May2024","90839-308","chinook","chinook",1,-240.025444390742,-11.4303469358387,176
"JSOES_May2024","90839-309","chinook","chinook",1,-259.058138426996,-13.6616961486528,176
"JSOES_May2024","90839-310","chinook","chinook",1,-273.927702575621,-15.4049696019391,176
"JSOES_May2024","90839-311","chinook","chinook",1,-242.37928165187,-11.7063053949883,176
"JSOES_May2024","90839-312","chinook","chinook",1,-271.852655661173,-15.1616958809259,176
"JSOES_May2024","90839-313","chinook","chinook",1,-227.240064381213,-9.93141843073845,176
"JSOES_May2024","90839-314","chinook","chinook",1,-154.38106386987,-1.38959701923837,176
"JSOES_May2024","90839-315","chinook","chinook",1,-216.677051124865,-8.69303508523839,176
"JSOES_May2024","90839-316","chinook","chinook",1,-148.936990610607,-0.751346409082019,176
"JSOES_May2024","90839-317","chinook","chinook",1,-208.435692322264,-7.7268371606737,176
"JSOES_May2024","90839-318","chinook","chinook",1,-269.715360654508,-14.9111243369506,176
"JSOES_May2024","90839-319","chinook","chinook",1,-221.23030516656,-9.22684810205693,176
"JSOES_May2024","90839-320","chinook","chinook",1,-151.35482647485,-1.03480791705956,176
"JSOES_May2024","90839-321","chinook","chinook",1,-231.70144157505,-10.4544600175245,176
"JSOES_May2024","90839-322","chinook","chinook",1,-187.538650674313,-5.27691612781946,176
"JSOES_May2024","90839-323","chinook","chinook",1,-191.783718321203,-5.77459808152442,176
"JSOES_May2024","90839-324","chinook","chinook",1,-264.434218423075,-14.2919753852352,176
"JSOES_May2024","90839-325","chinook","chinook",1,-213.817626804574,-8.35780276373786,176
"JSOES_May2024","90839-326","chinook","chinook",1,-210.343316493401,-7.95048262486828,176
"JSOES_May2024","90839-327","chinook","chinook",1,-201.538928984553,-6.91827651154791,176
"JSOES_May2024","90839-328","chinook","chinook",1,-243.93327807025,-11.8884923559232,176
"JSOES_May2024","90839-329","chinook","chinook",1,-209.432304104315,-7.84367763061065,176
"JSOES_May2024","90839-330","chinook","chinook",1,-164.368609553466,-2.56051387192276,176
"JSOES_May2024","90839-331","chinook","chinook",1,-224.765676001475,-9.64132683609576,176
"JSOES_May2024","90839-332","chinook","chinook",1,-246.341593233463,-12.17083767884,176
"JSOES_May2024","90839-333","chinook","chinook",1,-268.163086870147,-14.7291393336605,176
"JSOES_May2024","90839-334","chinook","chinook",1,-182.15679929614,-4.64596026769305,176
"JSOES_May2024","90839-335","chinook","chinook",1,-263.173199012593,-14.1441363739232,176
"JSOES_May2024","90839-336","chinook","chinook",1,-167.180831734049,-2.89021232327961,176
"JSOES_May2024","90839-337","chinook","chinook",1,-180.81771530247,-4.48896914444605,176
"JSOES_May2024","90839-338","chinook","chinook",1,-154.906966782639,-1.45125266547467,176
"JSOES_May2024","90839-339","chinook","chinook",1,-237.063464475521,-11.083091232594,176
"JSOES_May2024","90839-340","chinook","chinook",1,-205.762654293807,-7.41345633874391,176
"JSOES_May2024","90839-341","chinook","chinook",1,-195.563679170831,-6.21775198554975,176
"JSOES_May2024","90839-342","chinook","chinook",1,-326.226723929645,-21.5363864106663,176
"JSOES_May2024","90839-343","chinook","chinook",1,-226.583699889409,-9.85446776945451,176
"JSOES_May2024","90839-344","chinook","chinook",1,-245.008337173013,-12.0145298090608,176
"JSOES_May2024","90839-345","chinook","chinook",1,-219.933081101267,-9.07476454040139,176
"JSOES_May2024","90839-346","chum","chum",0.999999999993838,-287.138494347068,-77.2657682714477,176
"JSOES_May2024","90839-347","chinook","chinook",1,-195.321947043305,-6.18941186767463,176
"JSOES_May2024","90839-348","chinook","chinook",1,-256.693797559644,-13.3845062709013,176
"JSOES_May2024","90839-349","chinook","chinook",1,-274.53175239503,-15.4757870115224,176
"JSOES_May2024","90839-350","chinook","chinook",1,-218.023654516686,-8.8509077654059,176
"JSOES_May2024","90839-351","chinook","chinook",1,-255.558055194454,-13.251354451842,176
"JSOES_May2024","90839-352","chinook","chinook",1,-269.146510158547,-14.8444336149775,176
"JSOES_May2024","90839-353","chinook","chinook",1,-220.899425961092,-9.18805658608712,176
"JSOES_May2024","90839-354","chinook","chinook",1,-277.189627601446,-15.7873901791191,176
"JSOES_May2024","90839-355","chinook","chinook",1,-213.184340681523,-8.28355775725245,176
"JSOES_May2024","90839-356","chinook","chinook",1,-241.792826832333,-11.6375507826653,176
"JSOES_May2024","90839-357","chinook","chinook",1,-227.117338506838,-9.9170303318883,176
"JSOES_May2024","90839-358","chinook","chinook",1,-242.851810152104,-11.7617035480306,176
"JSOES_May2024","90839-359","chinook","chinook",1,-278.61436040225,-15.9544225712485,176
"JSOES_May2024","90839-360","chinook","chinook",1,-245.055093991032,-12.0200114707154,176
"JSOES_May2024","90839-361","chinook","chinook",1,-261.29819593522,-13.9243153316288,176
"JSOES_May2024","90839-362","chinook","chinook",1,-235.273209540186,-10.8732058672806,176
"JSOES_May2024","90839-363","chinook","chinook",1,-245.237020202027,-12.041340080681,176
"JSOES_May2024","90839-364","chinook","chinook",1,-261.283770792847,-13.9226241611609,176
"JSOES_May2024","90839-365","chinook","chinook",1,-225.158529989228,-9.68738413280081,176
"JSOES_May2024","90839-366","chinook","chinook",1,-181.843430894397,-4.60922167802098,176
"JSOES_May2024","90839-367","chinook","chinook",1,-191.062372683843,-5.69002918039959,176
"JSOES_May2024","90839-368","chinook","chinook",1,-241.006720320228,-11.5453894657423,176
"JSOES_May2024","90839-369","chum","chum",0.523743255489714,-465.595666701352,-135.291355957944,176
"JSOES_May2024","90839-370","chinook","chinook",1,-259.108447658171,-13.6675942870437,176
"JSOES_May2024","90839-371","chinook","chinook",1,-268.049984060622,-14.7158794207696,176
"JSOES_May2024","90839-372","chinook","chinook",1,-241.146021097257,-11.5617207680044,176
"JSOES_May2024","90839-373","chinook","chinook",1,-206.519176532346,-7.50214926357238,176
"JSOES_May2024","90839-374","chinook","chinook",1,-264.595908733592,-14.3109315848359,176
"JSOES_May2024","90839-375","chinook","chinook",1,-243.970492578693,-11.8928552991807,176
"JSOES_May2024","90839-376","chinook","chinook",1,-232.475600165519,-10.5452205876333,176
"JSOES_May2024","90839-377","chinook","chinook",1,-242.669590497405,-11.740340535401,176
"JSOES_May2024","90839-378","chinook","chinook",1,-198.28120361767,-6.53634829270978,176
"JSOES_May2024","90839-379","chinook","chinook",1,-241.390992804072,-11.5904406866939,176
"JSOES_May2024","90839-380","chinook","chinook",1,-229.38487308067,-10.1828708627512,176
"JSOES_May2024","90839-381","chinook","chinook",1,-183.941757265667,-4.85522462893498,176
"JSOES_May2024","90839-382","chinook","chinook",1,-211.998888247113,-8.14457804416973,176
"JSOES_May2024","90839-383","chinook","chinook",1,-225.526797834204,-9.73055900675323,176
"JSOES_May2024","90839-384","chinook","chinook",1,-240.810350362769,-11.522367504208,176
"JSOES_May2024","90839-385","chinook","chinook",1,-116.991328525513,2.99388943670102,176
"JSOES_May2024","90839-386","chinook","chinook",1,-139.016717153746,0.411683602681058,176
"JSOES_May2024","90839-387","chinook","chinook",1,-193.446793000626,-5.96957312655549,176
"JSOES_May2024","90839-388","chinook","chinook",1,-115.701987310062,3.14504883119696,176
"JSOES_May2024","90839-389","chinook","chinook",1,-117.000137284319,2.99285671810698,176
"JSOES_May2024","90839-390","chinook","chinook",1,-161.472055894211,-2.22092859223815,176
"JSOES_May2024","90839-391","chinook","chinook",1,-234.022832318605,-10.7266145216845,176
"JSOES_May2024","90839-392","chinook","chinook",1,-183.337255246106,-4.78435420444731,176
"JSOES_May2024","90839-393","chinook","chinook",1,-119.611375479294,2.68672116631751,176
"JSOES_May2024","90839-394","chinook","chinook",1,-155.324661212663,-1.50022219841918,176
"JSOES_May2024","90839-395","chinook","chinook",1,-274.231881091466,-15.4406307905545,176
"JSOES_May2024","90839-396","chum","chum",0.999999999999829,-251.002042648555,-65.5159527888389,176
"JSOES_May2024","90839-397","chinook","chinook",1,-301.188640103284,-18.6009791304407,176
"JSOES_May2024","90839-398","chinook","chinook",1,-276.602891167941,-15.718602551023,176
"JSOES_May2024","90839-399","chinook","chinook",1,-187.822941345262,-5.31024571130478,176
"JSOES_May2024","90839-400","chinook","chinook",1,-225.341344386116,-9.70881687163481,176
"JSOES_May2024","90839-401","chinook","chinook",1,-170.371729507959,-3.26430582903459,176
"JSOES_May2024","90839-402","chinook","chinook",1,-232.752348785229,-10.5776659584022,176
"JSOES_May2024","90839-403","chinook","chinook",1,-226.217541282516,-9.81154017771687,176
"JSOES_May2024","90839-404","chinook","chinook",1,-260.685991637319,-13.8525419097685,176
"JSOES_May2024","90839-405","chinook","chinook",1,-204.414649174183,-7.25541932323721,176
"JSOES_May2024","90839-407","chinook","chinook",1,-273.054927068339,-15.3026474116371,176
"JSOES_May2024","90839-408","chinook","chinook",1,-182.272999053366,-4.65958325959951,176
"JSOES_May2024","90839-409","chinook","chinook",1,-152.203114696145,-1.1342592743514,176
"JSOES_May2024","90839-410","chinook","chinook",1,-159.692866141331,-2.01234048343065,176
"JSOES_May2024","90839-411","chinook","chinook",1,-132.342359086694,1.19416997011747,176
"JSOES_May2024","90839-412","chinook","chinook",1,-250.110990708811,-12.6127531571943,176
"JSOES_May2024","90839-413","chinook","chinook",1,-162.106487984354,-2.29530794926603,176
"JSOES_May2024","90839-414","chinook","chinook",1,-123.073804341809,2.28079398112345,176
"JSOES_May2024","90839-415","chinook","chinook",1,-121.319810597606,2.48642816790505,176
"JSOES_May2024","90839-416","chinook","chinook",1,-208.173337878111,-7.6960793298946,176
"JSOES_May2024","90839-417","chinook","chinook",1,-194.353706452937,-6.0758975709063,176
"JSOES_May2024","90839-418","chinook","chinook",1,-169.364423893099,-3.14621163876926,176
"JSOES_May2024","90839-419","chinook","chinook",1,-315.810078248977,-20.3151628626259,176
"JSOES_May2024","90839-420","chinook","chinook",1,-277.021115030236,-15.7676341533876,176
"JSOES_May2024","90839-421","chinook","chinook",1,-230.373482353018,-10.2987731368818,176
"JSOES_May2024","90839-422","chinook","chinook",1,-142.449225199054,0.00926426518284967,176
"JSOES_May2024","90839-423","chinook","chinook",1,-246.13393120619,-12.1464918610486,176
"JSOES_May2024","90839-424","chinook","chinook",1,-196.380788077838,-6.31354795184641,176
"JSOES_May2024","90839-425","chinook","chinook",1,-218.565757586397,-8.91446268072998,176
"JSOES_May2024","90839-426","chinook","chinook",1,-195.758164660799,-6.24055301645558,176
"JSOES_May2024","90839-427","chinook","chinook",1,-129.108134863418,1.57334296900691,176
"JSOES_May2024","90839-428","chinook","chinook",1,-121.599729359087,2.45361113701638,176
"JSOES_May2024","90839-429","chinook","chinook",1,-127.789321830729,1.72795757147642,176
"JSOES_May2024","90839-430","chinook","chinook",1,-265.342698029061,-14.3984834418357,176
"JSOES_May2024","90839-431","chinook","chinook",1,-117.938808963156,2.88280901242352,176
"JSOES_May2024","90839-432","chinook","chinook",1,-205.657267559325,-7.40110104071938,176
"JSOES_May2024","90839-433","chinook","chinook",1,-241.879433217079,-11.6477043157416,176
"JSOES_May2024","90839-434","chinook","chinook",1,-222.787937796341,-9.40946136404165,176
"JSOES_May2024","90839-435","chinook","chinook",1,-235.979228317557,-10.9559778826411,176
"JSOES_May2024","90839-436","chinook","chinook",1,-126.527659542199,1.87587195232994,176
"JSOES_May2024","90839-437","chinook","chinook",1,-152.000241466918,-1.11047488421327,176
"JSOES_May2024","90839-438","chinook","chinook",1,-165.383445125801,-2.67949085705964,176
"JSOES_May2024","90839-439","chinook","chinook",1,-158.196237124444,-1.8368791445185,176
"JSOES_May2024","90839-440","chinook","chinook",1,-153.390087488899,-1.27341723074471,176
"JSOES_May2024","90839-441","chinook","chinook",1,-159.807735708212,-2.02580752688474,176
"JSOES_May2024","90839-442","chinook","chinook",1,-120.291666759589,2.60696538345892,176
"JSOES_May2024","90839-443","chinook","chinook",1,-169.92011059927,-3.21135906834619,176
"JSOES_May2024","90839-444","chinook","chinook",1,-129.487291973191,1.5288914627296,176
"JSOES_May2024","90839-445","chinook","chinook",1,-158.374197146328,-1.8577427676076,176
"JSOES_May2024","90839-446","chinook","chinook",1,-120.8079649562,2.54643577202332,176
"JSOES_May2024","90839-447","chinook","chinook",1,-167.317362402819,-2.90621886442959,176
"JSOES_May2024","90839-448","chinook","chinook",1,-163.836875963085,-2.49817465047238,176
"JSOES_May2024","90839-449","chinook","chinook",1,-158.432720031171,-1.86460385583705,176
"JSOES_May2024","90839-450","chinook","chinook",1,-216.404320253723,-8.66106074605792,176
"JSOES_May2024","90839-451","chinook","chinook",1,-304.596834673408,-19.0005480121071,176
"JSOES_May2024","90839-452","chinook","chinook",1,-349.914768888587,-24.3135182434776,176
"JSOES_May2024","90839-453","chinook","chinook",1,-185.56882840601,-5.04597870196749,176
"JSOES_May2024","90839-454","chinook","chinook",1,-248.504121828583,-12.4243675506078,176
"JSOES_May2024","90839-455","chinook","chinook",1,-215.069316638384,-8.50454799696855,176
"JSOES_May2024","90839-456","chinook","chinook",1,-252.473011434842,-12.8896710269209,176
"JSOES_May2024","90839-457","chinook","chinook",1,-141.431261545609,0.128607979344449,176
"JSOES_May2024","90839-458","chinook","chinook",1,-132.434127842102,1.18341121259468,176
"JSOES_May2024","90839-459","chinook","chinook",1,-168.289871810851,-3.02023362754893,176
"JSOES_May2024","90839-460","chinook","chinook",1,-276.242842341954,-15.6763912559268,176
"JSOES_May2024","90839-461","chinook","chinook",1,-115.578088899776,3.15957439545671,176
"JSOES_May2024","90839-462","chinook","chinook",1,-183.844589451029,-4.84383289814318,176
"JSOES_May2024","90839-463","chinook","chinook",1,-193.627147093391,-5.99071742500067,176
"JSOES_May2024","90839-464","chinook","chinook",1,-157.606553433162,-1.76774598670885,176
"JSOES_May2024","90839-465","chum","chum",0.999999999999996,-278.832330876583,-74.5650081370319,176
"JSOES_May2024","90839-466","chinook","chinook",1,-235.738759299343,-10.9277858487927,176
"JSOES_May2024","90839-467","chinook","chinook",1,-139.19364865391,0.390940561109564,176
"JSOES_May2024","90839-468","chinook","chinook",1,-221.925900827617,-9.30839813526721,176
"JSOES_May2024","90839-469","chinook","chinook",1,-165.644914768909,-2.7101449558021,176
"JSOES_May2024","90839-470","chinook","chinook",1,-164.827044263,-2.61425970140428,176
"JSOES_May2024","90839-471","chinook","chinook",1,-236.199564705281,-10.9818096132603,176
"JSOES_May2024","90839-472","chinook","chinook",1,-242.073977030735,-11.6705121843824,176
"JSOES_May2024","90839-473","chinook","chinook",1,-138.434653585996,0.479923394758536,176
"JSOES_May2024","90839-474","chinook","chinook",1,-223.692920583529,-9.51555946166016,176
"JSOES_May2024","90839-475","chinook","chinook",1,-298.160573341904,-18.2459755575633,176
"JSOES_May2024","90839-476","chinook","chinook",1,-230.070662896539,-10.2632712812564,176
"JSOES_May2024","90839-477","chinook","chinook",1,-231.378839875235,-10.4166389372526,176
"JSOES_May2024","90839-478","chinook","chinook",1,-191.587762564045,-5.75162467987938,176
"JSOES_May2024","90839-479","chinook","chinook",1,-109.416845481002,3.88190438333179,176
"JSOES_May2024","90839-480","chinook","chinook",1,-224.724549696618,-9.63650528283622,176
"JSOES_May2024","90839-481","chinook","chinook",1,-291.102133102732,-17.4184602808835,176
"JSOES_May2024","90839-482","chinook","chinook",1,-288.482647140057,-17.1113577798053,176
"JSOES_May2024","90839-483","chinook","chinook",1,-186.777853369246,-5.18772200403765,176
"JSOES_May2024","90839-484","chinook","chinook",1,-220.562972198136,-9.14861152183663,176
"JSOES_May2024","90839-485","chinook","chinook",1,-278.977139860214,-15.9969539993486,176
"JSOES_May2024","90839-486","chinook","chinook",1,-244.446834035318,-11.9487004744485,176
"JSOES_May2024","90839-487","chinook","chinook",1,-270.487631680749,-15.0016636133767,176
"JSOES_May2024","90839-488","chinook","chinook",1,-234.154723308561,-10.7420771175763,176
"JSOES_May2024","90839-489","chinook","chinook",1,-286.364003297336,-16.8629728553335,176
"JSOES_May2024","90839-490","chinook","chinook",1,-232.263357819239,-10.5203377837908,176
"JSOES_May2024","90839-492","chinook","chinook",1,-260.682715797847,-13.8521578578937,176
"JSOES_May2024","90839-493","chinook","chinook",1,-280.65909045206,-16.1941420128772,176
"JSOES_May2024","90839-494","chinook","chinook",1,-280.751220718843,-16.204943153161,176
"JSOES_May2024","90839-496","chinook","chinook",1,-252.92664824499,-12.9428543617289,176
"JSOES_May2024","90839-497","chinook","chinook",1,-261.052895967258,-13.8955569283585,176
"JSOES_May2024","90839-498","chinook","chinook",1,-211.488061920094,-8.08468994212246,176
"JSOES_May2024","90839-499","chinook","chinook",1,-211.55982685433,-8.09310349772368,176
"JSOES_May2024","90839-500","chinook","chinook",1,-254.432142513463,-13.1193550423185,176
"JSOES_May2024","90839-501","chinook","chinook",1,-272.537564246736,-15.2419929860196,176
"JSOES_May2024","90839-502","chinook","chinook",1,-310.350629497417,-19.6751096651653,176
"JSOES_May2024","90839-503","chinook","chinook",1,-286.117579346434,-16.834082678892,176
"JSOES_May2024","90839-504","chinook","chinook",1,-241.304456190444,-11.5802953334228,176
"JSOES_May2024","90839-505","chinook","chinook",1,-187.345580724493,-5.25428105158024,176
"JSOES_May2024","90839-506","chinook","chinook",1,-197.981065902878,-6.501160838303,176
"JSOES_May2024","90839-507","chinook","chinook",1,-157.394851215767,-1.74292650633282,176
"JSOES_May2024","90839-508","chinook","chinook",1,-204.299329945371,-7.24189956245395,176
"JSOES_May2024","90839-509","chum","chum",0.967897591903559,-428.331040747874,-123.174713111137,176
"JSOES_May2024","90839-510","chinook","chinook",1,-214.689762955771,-8.46004999740499,176
"JSOES_May2024","90839-511","chinook","chinook",1,-230.398609524723,-10.3017189886198,176
"JSOES_May2024","90839-512","chinook","chinook",1,-329.378223331586,-21.9058609420337,176
"JSOES_May2024","90839-513","chinook","chinook",1,-225.699712294578,-9.75083109983193,176
"JSOES_May2024","90839-514","chinook","chinook",1,-375.073784459821,-27.2631032829426,176
"JSOES_May2024","90839-515","chinook","chinook",1,-233.547231166612,-10.6708561380267,176
"JSOES_May2024","90839-516","chinook","chinook",1,-219.283577509154,-8.99861823519513,176
"JSOES_May2024","90839-517","chinook","chinook",1,-193.789456296908,-6.00974618219136,176
"JSOES_May2024","90839-518","chinook","chinook",1,-223.670685407935,-9.51295266088539,176
"JSOES_May2024","90839-519","chinook","chinook",1,-205.508020547572,-7.38360366480639,176
"JSOES_May2024","90839-520","chinook","chinook",1,-188.395598760638,-5.37738274774212,176
"JSOES_May2024","90839-521","chinook","chinook",1,-238.555852297868,-11.2580553436266,176
"JSOES_May2024","90839-522","chinook","chinook",1,-253.16410638497,-12.9706934071479,176
"JSOES_May2024","90839-523","chinook","chinook",1,-220.986020957258,-9.19820878399251,176
"JSOES_May2024","90839-524","chinook","chinook",1,-279.958976438833,-16.1120622584653,176
"JSOES_May2024","90839-525","chinook","chinook",1,-271.058959325036,-15.0686447505142,176
"JSOES_May2024","90839-526","chinook","chinook",1,-277.159097346709,-15.7838108823707,176
"JSOES_May2024","90839-527","chinook","chinook",1,-189.82153933236,-5.54455673615234,176
"JSOES_May2024","90839-528","chinook","chinook",1,-212.098337955972,-8.15623729898438,176
"JSOES_May2024","90839-529","chinook","chinook",1,-278.729436641924,-15.9679138445449,176
"JSOES_May2024","90839-530","chinook","chinook",1,-293.659696075977,-17.7183030733019,176
"JSOES_May2024","90839-531","chinook","chinook",1,-211.951736345838,-8.13905006386431,176
"JSOES_May2024","90839-532","chinook","chinook",1,-180.799545144509,-4.48683891697609,176
"JSOES_May2024","90839-533","chinook","chinook",1,-253.118094526225,-12.9652990828029,176
"JSOES_May2024","90839-534","chinook","chinook",1,-287.330169984399,-16.9762440124549,176
"JSOES_May2024","90839-535","chinook","chinook",1,-189.373401607707,-5.49201810146233,176
"JSOES_May2024","90839-536","chinook","chinook",1,-250.575735018584,-12.6672387096755,176
"JSOES_May2024","90839-537","chinook","chinook",1,-291.001730592468,-17.4066893218267,176
"JSOES_May2024","90839-538","chinook","chinook",1,-300.963656818533,-18.5746026083168,176
"JSOES_May2024","90839-539","chinook","chinook",1,-301.680001589125,-18.6585852193397,176
"JSOES_May2024","90839-540","chinook","chinook",1,-227.212829134805,-9.92822543317772,176
"JSOES_May2024","90839-541","chinook","chinook",1,-200.163910765133,-6.75707254243755,176
"JSOES_May2024","90839-542","chinook","chinook",1,-198.570674296977,-6.57028516844441,176
"JSOES_May2024","90839-543","chinook","chinook",1,-264.389156028717,-14.2866923739081,176
"JSOES_May2024","90839-544","chinook","chinook",1,-248.142149275822,-12.3819307222153,176
"JSOES_May2024","90839-545","chinook","chinook",1,-214.403777300843,-8.42652169790182,176
"JSOES_May2024","90839-546","chinook","chinook",1,-290.110028684808,-17.3021482439356,176
"JSOES_May2024","90839-547","chinook","chinook",1,-306.936010393427,-19.2747875859455,176
"JSOES_May2024","90839-548","chinook","chinook",1,-275.354155906358,-15.5722037050352,176
"JSOES_May2024","90839-549","chinook","chinook",1,-288.788823005858,-17.1472531331291,176
"JSOES_May2024","90839-550","chinook","chinook",1,-249.501176812208,-12.5412599804765,176
"JSOES_May2024","90839-551","chinook","chinook",1,-215.771410612634,-8.58685987745067,176
"JSOES_May2024","90839-552","chinook","chinook",1,-238.412033868245,-11.2411944021794,176
"JSOES_May2024","90839-553","chinook","chinook",1,-178.323766081135,-4.1965842817869,176
"JSOES_May2024","90839-554","chinook","chinook",1,-288.360377390745,-17.0970231560069,176
"JSOES_May2024","90839-556","chinook","chinook",1,-281.077737588697,-16.2432232389508,176
"JSOES_May2024","90839-557","chinook","chinook",1,-314.960348885137,-20.2155425491013,176
"JSOES_May2024","90839-558","chinook","chinook",1,-226.028335822979,-9.78935816541776,176
"JSOES_May2024","90839-559","chinook","chinook",1,-285.842395117718,-16.8018207137202,176
"JSOES_May2024","90839-560","chinook","chinook",1,-305.35982953491,-19.0899997723441,176
"JSOES_May2024","90839-561","chinook","chinook",1,-200.84947801366,-6.83744686766012,176
"JSOES_May2024","90839-562","chinook","chinook",1,-200.917032221664,-6.84536676741602,176
"JSOES_May2024","90839-563","chinook","chinook",1,-215.971448412159,-8.61031184834097,176
"JSOES_May2024","90839-564","chinook","chinook",1,-196.700130890744,-6.35098696772297,176
"JSOES_May2024","90839-565","chinook","chinook",1,-190.135536524356,-5.58136904374525,176
"JSOES_May2024","90839-566","chinook","chinook",1,-310.870190280987,-19.7360217747814,176
"JSOES_May2024","90839-567","chinook","chinook",1,-247.467898892771,-12.3028831602363,176
"JSOES_May2024","90839-568","chinook","chinook",1,-225.398651260017,-9.71553539754206,176
"JSOES_May2024","90839-569","chinook","chinook",1,-297.649910259195,-18.1861065939029,176
"JSOES_May2024","90839-570","chinook","chinook",1,-219.006389519147,-8.96612135366461,176
"JSOES_May2024","90839-571","chinook","chinook",1,-403.847999870335,-30.6365260250564,176
"JSOES_May2024","90839-572","chinook","chinook",1,-190.25201728327,-5.59502497964255,176
"JSOES_May2024","90839-573","chinook","chinook",1,-214.75358207538,-8.46753200400003,176
"JSOES_May2024","90839-574","chinook","chinook",1,-279.128211115368,-16.0146652453563,176
"JSOES_May2024","90839-575","chinook","chinook",1,-202.781038857283,-7.06389861220618,176
"JSOES_May2024","90839-576","chinook","chinook",1,-216.414970691211,-8.66230937881903,176
"JSOES_May2024","90839-577","chinook","chinook",1,-191.083573232596,-5.69251468390636,176
"JSOES_May2024","90839-578","chinook","chinook",1,-205.508771714723,-7.38369172991307,176
"JSOES_May2024","90839-579","chinook","chinook",1,-188.952812549148,-5.44270920893523,176
"JSOES_May2024","90839-580","chinook","chinook",1,-188.576309852569,-5.39856889994734,176
"JSOES_May2024","90839-581","chinook","chinook",1,-359.337258622264,-25.4181892380273,176
"JSOES_May2024","90839-582","chinook","chinook",1,-196.952800292386,-6.38060934642469,176
"JSOES_May2024","90839-583","chinook","chinook",1,-191.834184432875,-5.78051461222353,176
"JSOES_May2024","90839-584","chinook","chinook",1,-192.199460407255,-5.82333872615824,176
"JSOES_May2024","90839-585","chinook","chinook",1,-317.293386632268,-20.4890625211352,176
"JSOES_May2024","90839-586","chinook","chinook",1,-210.736649355931,-7.99659606374926,176
"JSOES_May2024","90839-587","chinook","chinook",1,-274.351810780306,-15.4546910710527,176
"JSOES_May2024","90839-588","chinook","chinook",1,-177.207831960173,-4.06575473565858,176
"JSOES_May2024","90839-589","chinook","chinook",1,-225.506654829736,-9.7281974873027,176
"JSOES_May2024","90839-590","chinook","chinook",1,-286.870917493839,-16.9224023082095,176
"JSOES_May2024","90839-591","chinook","chinook",1,-265.665807899216,-14.4363640988278,176
"JSOES_May2024","90839-592","chinook","chinook",1,-206.649428417564,-7.51741969459993,176
"JSOES_May2024","90839-593","chinook","chinook",1,-151.937241700011,-1.10308893664191,176
"JSOES_May2024","90839-594","chinook","chinook",1,-180.424153665635,-4.4428288845925,176
"JSOES_May2024","90839-595","chinook","chinook",1,-167.35402156793,-2.91051670051397,176
"JSOES_May2024","90839-596","chinook","chinook",1,-151.061022179592,-1.00036297817198,176
"JSOES_May2024","90839-597","chinook","chinook",1,-129.386624615965,1.5406934718343,176
"JSOES_May2024","90839-598","chinook","chinook",1,-132.045411810133,1.22898338489411,176
"JSOES_May2024","90839-599","chinook","chinook",1,-122.270725157651,2.37494513502647,176
"JSOES_May2024","90839-600","chinook","chinook",1,-152.488579743946,-1.16772653907405,176
"JSOES_May2024","90839-601","chinook","chinook",1,-116.771894711095,3.01961535170468,176
"JSOES_May2024","90839-602","chinook","chinook",1,-160.025655333121,-2.05135592179786,176
"JSOES_May2024","90839-603","chinook","chinook",1,-140.18589468732,0.274611921488112,176
"JSOES_May2024","90839-604","chinook","chinook",1,-122.150435951153,2.38904756454696,176
"JSOES_May2024","90839-605","chinook","chinook",1,-126.477314065539,1.88177434005815,176
"JSOES_May2024","90839-606","chinook","chinook",1,-185.590136263392,-5.0484767860908,176
"JSOES_May2024","90839-607","chinook","chinook",1,-123.926116905112,2.18087081924331,176
"JSOES_May2024","90839-608","chum","chum",1,-259.831415384023,-68.3868351138238,176
"JSOES_May2024","90839-609","chinook","chinook",1,-124.308173035682,2.13607943844487,176
"JSOES_May2024","90839-610","chinook","chinook",1,-151.563854851285,-1.05931392247975,176
"JSOES_May2024","90839-611","chinook","chinook",1,-238.299758420501,-11.228031487278,176
"JSOES_May2024","90839-612","chinook","chinook",1,-230.920190308859,-10.36286791845,176
"JSOES_May2024","90839-613","chinook","chinook",1,-249.349152978279,-12.5234370563271,176
"JSOES_May2024","90839-614","chinook","chinook",1,-257.303716540292,-13.4560117674305,176
"JSOES_May2024","90839-615","chinook","chinook",1,-246.751653132302,-12.2189121569321,176
"JSOES_May2024","90839-616","chinook","chinook",1,-223.889509821113,-9.53860713109129,176
"JSOES_May2024","90839-617","chinook","chinook",1,-210.799684529004,-8.00398616225812,176
"JSOES_May2024","90839-618","chinook","chinook",1,-219.15611146503,-8.98367440976117,176
"JSOES_May2024","90839-619","chinook","chinook",1,-293.61158447763,-17.712662580322,176
"JSOES_May2024","90839-620","chinook","chinook",1,-284.776227283541,-16.6768256524331,176
"JSOES_May2024","90839-621","chinook","chinook",1,-238.340781827751,-11.2328409770592,176
"JSOES_May2024","90839-622","chinook","chinook",1,-217.237505059755,-8.75874141373048,176
"JSOES_May2024","90839-623","chinook","chinook",1,-197.608967713875,-6.45753690363879,176
"JSOES_May2024","90839-624","chinook","chinook",1,-245.338180193587,-12.0531998451004,176
"JSOES_May2024","90839-625","chinook","chinook",1,-288.616499716817,-17.1270503476161,176
"JSOES_May2024","90839-626","chinook","chinook",1,-291.622082853803,-17.4794179921538,176
"JSOES_May2024","90839-627","chinook","chinook",1,-283.668685809708,-16.5469800409244,176
"JSOES_May2024","90839-628","chinook","chinook",1,-176.870852313444,-4.02624801800574,176
"JSOES_May2024","90839-629","chinook","chinook",1,-202.474138028632,-7.02791826590738,176
"JSOES_May2024","90839-630","chinook","chinook",1,-187.499272003123,-5.27229946310591,176
"JSOES_May2024","90839-631","chinook","chinook",1,-190.464567101663,-5.61994383080737,176
"JSOES_May2024","90839-632","chinook","chinook",1,-239.776755630555,-11.401191238373,176
"JSOES_May2024","90839-633","chinook","chinook",1,-188.749533195535,-5.41887720570962,176
"JSOES_May2024","90839-634","chinook","chinook",1,-293.74754917519,-17.7286027683108,176
"JSOES_May2024","90839-635","chinook","chinook",1,-269.228644428842,-14.8540628476556,176
"JSOES_May2024","90839-636","chinook","chinook",1,-230.453847984044,-10.3081950183657,176
"JSOES_May2024","90839-637","chinook","chinook",1,-252.704252586627,-12.9167812069628,176
"JSOES_May2024","90839-638","chinook","chinook",1,-231.366268877079,-10.4151651423823,176
"JSOES_May2024","90839-639","chinook","chinook",1,-255.249287348603,-13.2151552207468,176
"JSOES_May2024","90839-640","chinook","chinook",1,-152.680585906184,-1.19023689930732,176
"JSOES_May2024","90839-641","chinook","chinook",1,-232.896290235115,-10.5945413224617,176
